"Date","DGS6MO","DGS5","DGS10","GDP","UNRATE","CPIAUCSL","FEDFUNDS","SP500"
2006-01-03,4.4,4.3,4.37,13599.16,4.7,199.3,4.29,1268.80004882812
2006-01-04,4.37,4.28,4.36,13599.16,4.7,199.3,4.29,1273.4599609375
2006-01-05,4.37,4.29,4.36,13599.16,4.7,199.3,4.29,1273.47998046875
2006-01-06,4.39,4.32,4.38,13599.16,4.7,199.3,4.29,1285.44995117188
2006-01-09,4.4,4.32,4.38,13599.16,4.7,199.3,4.29,1290.15002441406
2006-01-10,4.42,4.36,4.43,13599.16,4.7,199.3,4.29,1289.68994140625
2006-01-11,4.45,4.39,4.46,13599.16,4.7,199.3,4.29,1294.18005371094
2006-01-12,4.43,4.35,4.42,13599.16,4.7,199.3,4.29,1286.06005859375
2006-01-13,4.43,4.28,4.36,13599.16,4.7,199.3,4.29,1287.60998535156
2006-01-17,4.47,4.27,4.34,13599.16,4.7,199.3,4.29,1282.93005371094
2006-01-18,4.46,4.28,4.34,13599.16,4.7,199.3,4.29,1277.93005371094
2006-01-19,4.47,4.31,4.38,13599.16,4.7,199.3,4.29,1285.0400390625
2006-01-20,4.48,4.31,4.37,13599.16,4.7,199.3,4.29,1261.48999023438
2006-01-23,4.5,4.3,4.36,13599.16,4.7,199.3,4.29,1263.81994628906
2006-01-24,4.51,4.32,4.4,13599.16,4.7,199.3,4.29,1266.85998535156
2006-01-25,4.54,4.41,4.49,13599.16,4.7,199.3,4.29,1264.68005371094
2006-01-26,4.54,4.44,4.53,13599.16,4.7,199.3,4.29,1273.82995605469
2006-01-27,4.55,4.45,4.52,13599.16,4.7,199.3,4.29,1283.71997070312
2006-01-30,4.62,4.46,4.54,13599.16,4.7,199.3,4.29,1285.18994140625
2006-01-31,4.59,4.47,4.53,13599.16,4.7,199.3,4.29,1280.07995605469
2006-02-01,4.6,4.51,4.57,13599.16,4.8,199.4,4.49,1282.4599609375
2006-02-02,4.62,4.51,4.57,13599.16,4.8,199.4,4.49,1270.83996582031
2006-02-03,4.63,4.5,4.54,13599.16,4.8,199.4,4.49,1264.03002929688
2006-02-06,4.68,4.51,4.55,13599.16,4.8,199.4,4.49,1265.02001953125
2006-02-07,4.67,4.52,4.57,13599.16,4.8,199.4,4.49,1254.78002929688
2006-02-08,4.67,4.55,4.56,13599.16,4.8,199.4,4.49,1265.65002441406
2006-02-09,4.67,4.55,4.54,13599.16,4.8,199.4,4.49,1263.78002929688
2006-02-10,4.7,4.59,4.59,13599.16,4.8,199.4,4.49,1266.98999023438
2006-02-13,4.71,4.58,4.58,13599.16,4.8,199.4,4.49,1262.85998535156
2006-02-14,4.72,4.61,4.62,13599.16,4.8,199.4,4.49,1275.53002929688
2006-02-15,4.7,4.6,4.61,13599.16,4.8,199.4,4.49,1280
2006-02-16,4.69,4.59,4.59,13599.16,4.8,199.4,4.49,1289.38000488281
2006-02-17,4.69,4.55,4.54,13599.16,4.8,199.4,4.49,1287.23999023438
2006-02-21,4.73,4.59,4.57,13599.16,4.8,199.4,4.49,1283.03002929688
2006-02-22,4.7,4.57,4.53,13599.16,4.8,199.4,4.49,1292.67004394531
2006-02-23,4.73,4.63,4.56,13599.16,4.8,199.4,4.49,1287.7900390625
2006-02-24,4.73,4.64,4.58,13599.16,4.8,199.4,4.49,1289.43005371094
2006-02-27,4.76,4.66,4.59,13599.16,4.8,199.4,4.49,1294.11999511719
2006-02-28,4.74,4.61,4.55,13599.16,4.8,199.4,4.49,1280.66003417969
2006-03-01,4.75,4.63,4.59,13599.16,4.7,199.7,4.59,1291.23999023438
2006-03-02,4.75,4.68,4.64,13599.16,4.7,199.7,4.59,1289.14001464844
2006-03-03,4.75,4.71,4.68,13599.16,4.7,199.7,4.59,1287.22998046875
2006-03-06,4.77,4.76,4.74,13599.16,4.7,199.7,4.59,1278.26000976562
2006-03-07,4.77,4.76,4.74,13599.16,4.7,199.7,4.59,1275.88000488281
2006-03-08,4.77,4.75,4.73,13599.16,4.7,199.7,4.59,1278.46997070312
2006-03-09,4.77,4.75,4.74,13599.16,4.7,199.7,4.59,1272.22998046875
2006-03-10,4.78,4.77,4.76,13599.16,4.7,199.7,4.59,1281.42004394531
2006-03-13,4.83,4.78,4.77,13599.16,4.7,199.7,4.59,1284.13000488281
2006-03-14,4.8,4.68,4.71,13599.16,4.7,199.7,4.59,1297.47998046875
2006-03-15,4.81,4.69,4.73,13599.16,4.7,199.7,4.59,1303.02001953125
2006-03-16,4.77,4.6,4.65,13599.16,4.7,199.7,4.59,1305.32995605469
2006-03-17,4.78,4.62,4.68,13599.16,4.7,199.7,4.59,1307.25
2006-03-20,4.79,4.61,4.66,13599.16,4.7,199.7,4.59,1305.07995605469
2006-03-21,4.82,4.68,4.71,13599.16,4.7,199.7,4.59,1297.22998046875
2006-03-22,4.81,4.69,4.7,13599.16,4.7,199.7,4.59,1305.0400390625
2006-03-23,4.81,4.73,4.73,13599.16,4.7,199.7,4.59,1301.67004394531
2006-03-24,4.78,4.66,4.67,13599.16,4.7,199.7,4.59,1302.94995117188
2006-03-27,4.8,4.69,4.7,13599.16,4.7,199.7,4.59,1301.60998535156
2006-03-28,4.83,4.79,4.79,13599.16,4.7,199.7,4.59,1293.22998046875
2006-03-29,4.83,4.79,4.81,13599.16,4.7,199.7,4.59,1302.89001464844
2006-03-30,4.84,4.83,4.86,13599.16,4.7,199.7,4.59,1300.25
2006-03-31,4.81,4.82,4.86,13599.16,4.7,199.7,4.59,1294.86999511719
2006-04-03,4.86,4.85,4.88,13753.424,4.7,200.7,4.79,1297.81005859375
2006-04-04,4.85,4.82,4.87,13753.424,4.7,200.7,4.79,1305.93005371094
2006-04-05,4.83,4.79,4.84,13753.424,4.7,200.7,4.79,1311.56005859375
2006-04-06,4.85,4.84,4.9,13753.424,4.7,200.7,4.79,1309.0400390625
2006-04-07,4.85,4.89,4.97,13753.424,4.7,200.7,4.79,1295.5
2006-04-10,4.89,4.89,4.97,13753.424,4.7,200.7,4.79,1296.61999511719
2006-04-11,4.88,4.86,4.93,13753.424,4.7,200.7,4.79,1286.56994628906
2006-04-12,4.91,4.91,4.98,13753.424,4.7,200.7,4.79,1288.11999511719
2006-04-13,4.94,4.97,5.05,13753.424,4.7,200.7,4.79,1289.11999511719
2006-04-17,4.93,4.93,5.01,13753.424,4.7,200.7,4.79,1285.32995605469
2006-04-18,4.9,4.87,4.99,13753.424,4.7,200.7,4.79,1307.28002929688
2006-04-19,4.9,4.91,5.04,13753.424,4.7,200.7,4.79,1309.93005371094
2006-04-20,4.9,4.92,5.04,13753.424,4.7,200.7,4.79,1311.4599609375
2006-04-21,4.9,4.92,5.01,13753.424,4.7,200.7,4.79,1311.28002929688
2006-04-24,4.93,4.9,4.99,13753.424,4.7,200.7,4.79,1308.10998535156
2006-04-25,4.96,4.98,5.07,13753.424,4.7,200.7,4.79,1301.73999023438
2006-04-26,4.98,5.02,5.12,13753.424,4.7,200.7,4.79,1305.41003417969
2006-04-27,4.93,4.95,5.09,13753.424,4.7,200.7,4.79,1309.71997070312
2006-04-28,4.91,4.92,5.07,13753.424,4.7,200.7,4.79,1310.60998535156
2006-05-01,4.98,4.99,5.14,13753.424,4.6,201.3,4.94,1305.18994140625
2006-05-02,4.98,4.98,5.12,13753.424,4.6,201.3,4.94,1313.2099609375
2006-05-03,5,5.01,5.15,13753.424,4.6,201.3,4.94,1308.11999511719
2006-05-04,5.01,5.03,5.16,13753.424,4.6,201.3,4.94,1312.25
2006-05-05,5,4.99,5.12,13753.424,4.6,201.3,4.94,1325.76000976562
2006-05-08,5.03,5.01,5.12,13753.424,4.6,201.3,4.94,1324.66003417969
2006-05-09,5.03,5.01,5.13,13753.424,4.6,201.3,4.94,1325.14001464844
2006-05-10,5.03,5.03,5.13,13753.424,4.6,201.3,4.94,1322.84997558594
2006-05-11,4.99,5.04,5.14,13753.424,4.6,201.3,4.94,1305.92004394531
2006-05-12,5,5.08,5.19,13753.424,4.6,201.3,4.94,1291.23999023438
2006-05-15,5.02,5.04,5.15,13753.424,4.6,201.3,4.94,1294.5
2006-05-16,4.99,4.99,5.1,13753.424,4.6,201.3,4.94,1292.07995605469
2006-05-17,5,5.03,5.16,13753.424,4.6,201.3,4.94,1270.31994628906
2006-05-18,4.98,4.96,5.08,13753.424,4.6,201.3,4.94,1261.81005859375
2006-05-19,5,4.96,5.05,13753.424,4.6,201.3,4.94,1267.03002929688
2006-05-22,5.02,4.94,5.04,13753.424,4.6,201.3,4.94,1262.06994628906
2006-05-23,5.02,4.98,5.07,13753.424,4.6,201.3,4.94,1256.57995605469
2006-05-24,4.99,4.93,5.03,13753.424,4.6,201.3,4.94,1258.56994628906
2006-05-25,5.01,4.97,5.07,13753.424,4.6,201.3,4.94,1272.88000488281
2006-05-26,5.02,4.95,5.06,13753.424,4.6,201.3,4.94,1280.16003417969
2006-05-30,5.04,4.99,5.09,13753.424,4.6,201.3,4.94,1259.86999511719
2006-05-31,5.08,5.04,5.12,13753.424,4.6,201.3,4.94,1270.08996582031
2006-06-01,5.06,5.03,5.11,13753.424,4.6,201.8,4.99,1285.7099609375
2006-06-02,5.01,4.9,5,13753.424,4.6,201.8,4.99,1288.21997070312
2006-06-05,5.04,4.95,5.02,13753.424,4.6,201.8,4.99,1265.2900390625
2006-06-06,5.05,4.95,5.01,13753.424,4.6,201.8,4.99,1263.84997558594
2006-06-07,5.06,4.97,5.02,13753.424,4.6,201.8,4.99,1256.15002441406
2006-06-08,5.06,4.95,5,13753.424,4.6,201.8,4.99,1257.93005371094
2006-06-09,5.07,4.95,4.98,13753.424,4.6,201.8,4.99,1252.30004882812
2006-06-12,5.13,4.95,4.99,13753.424,4.6,201.8,4.99,1237.43994140625
2006-06-13,5.13,4.93,4.97,13753.424,4.6,201.8,4.99,1223.68994140625
2006-06-14,5.17,5.03,5.05,13753.424,4.6,201.8,4.99,1230.0400390625
2006-06-15,5.16,5.08,5.1,13753.424,4.6,201.8,4.99,1256.16003417969
2006-06-16,5.19,5.1,5.13,13753.424,4.6,201.8,4.99,1251.5400390625
2006-06-19,5.25,5.12,5.14,13753.424,4.6,201.8,4.99,1240.13000488281
2006-06-20,5.24,5.13,5.15,13753.424,4.6,201.8,4.99,1240.11999511719
2006-06-21,5.23,5.14,5.16,13753.424,4.6,201.8,4.99,1252.19995117188
2006-06-22,5.24,5.18,5.2,13753.424,4.6,201.8,4.99,1245.59997558594
2006-06-23,5.27,5.21,5.23,13753.424,4.6,201.8,4.99,1244.5
2006-06-26,5.32,5.22,5.25,13753.424,4.6,201.8,4.99,1250.56005859375
2006-06-27,5.31,5.19,5.21,13753.424,4.6,201.8,4.99,1239.19995117188
2006-06-28,5.31,5.23,5.25,13753.424,4.6,201.8,4.99,1246
2006-06-29,5.26,5.17,5.22,13753.424,4.6,201.8,4.99,1272.86999511719
2006-06-30,5.24,5.1,5.15,13753.424,4.6,201.8,4.99,1270.19995117188
2006-07-03,5.31,5.11,5.15,13870.188,4.7,202.9,5.24,1280.18994140625
2006-07-05,5.32,5.19,5.23,13870.188,4.7,202.9,5.24,1270.91003417969
2006-07-06,5.31,5.15,5.19,13870.188,4.7,202.9,5.24,1274.07995605469
2006-07-07,5.28,5.1,5.14,13870.188,4.7,202.9,5.24,1265.47998046875
2006-07-10,5.32,5.1,5.13,13870.188,4.7,202.9,5.24,1267.33996582031
2006-07-11,5.3,5.07,5.1,13870.188,4.7,202.9,5.24,1272.43005371094
2006-07-12,5.3,5.08,5.1,13870.188,4.7,202.9,5.24,1258.59997558594
2006-07-13,5.27,5.04,5.08,13870.188,4.7,202.9,5.24,1242.28002929688
2006-07-14,5.26,5.02,5.07,13870.188,4.7,202.9,5.24,1236.19995117188
2006-07-17,5.3,5.04,5.07,13870.188,4.7,202.9,5.24,1234.48999023438
2006-07-18,5.33,5.1,5.13,13870.188,4.7,202.9,5.24,1236.85998535156
2006-07-19,5.28,5.02,5.06,13870.188,4.7,202.9,5.24,1259.81005859375
2006-07-20,5.24,4.98,5.03,13870.188,4.7,202.9,5.24,1249.13000488281
2006-07-21,5.25,4.99,5.05,13870.188,4.7,202.9,5.24,1240.2900390625
2006-07-24,5.27,4.99,5.05,13870.188,4.7,202.9,5.24,1260.91003417969
2006-07-25,5.25,5.02,5.07,13870.188,4.7,202.9,5.24,1268.88000488281
2006-07-26,5.21,4.99,5.04,13870.188,4.7,202.9,5.24,1268.40002441406
2006-07-27,5.2,4.98,5.07,13870.188,4.7,202.9,5.24,1263.19995117188
2006-07-28,5.15,4.92,5,13870.188,4.7,202.9,5.24,1278.55004882812
2006-07-31,5.18,4.91,4.99,13870.188,4.7,202.9,5.24,1276.66003417969
2006-08-01,5.18,4.9,4.99,13870.188,4.7,203.8,5.25,1270.92004394531
2006-08-02,5.18,4.88,4.96,13870.188,4.7,203.8,5.25,1277.41003417969
2006-08-03,5.19,4.9,4.96,13870.188,4.7,203.8,5.25,1280.27001953125
2006-08-04,5.15,4.84,4.91,13870.188,4.7,203.8,5.25,1279.35998535156
2006-08-07,5.2,4.86,4.93,13870.188,4.7,203.8,5.25,1275.77001953125
2006-08-08,5.16,4.85,4.93,13870.188,4.7,203.8,5.25,1271.47998046875
2006-08-09,5.15,4.86,4.92,13870.188,4.7,203.8,5.25,1265.94995117188
2006-08-10,5.16,4.86,4.93,13870.188,4.7,203.8,5.25,1271.81005859375
2006-08-11,5.2,4.91,4.97,13870.188,4.7,203.8,5.25,1266.73999023438
2006-08-14,5.24,4.95,5,13870.188,4.7,203.8,5.25,1268.2099609375
2006-08-15,5.19,4.88,4.93,13870.188,4.7,203.8,5.25,1285.57995605469
2006-08-16,5.16,4.81,4.87,13870.188,4.7,203.8,5.25,1295.43005371094
2006-08-17,5.18,4.82,4.87,13870.188,4.7,203.8,5.25,1297.47998046875
2006-08-18,5.19,4.78,4.84,13870.188,4.7,203.8,5.25,1302.30004882812
2006-08-21,5.18,4.77,4.82,13870.188,4.7,203.8,5.25,1297.52001953125
2006-08-22,5.17,4.77,4.82,13870.188,4.7,203.8,5.25,1298.81994628906
2006-08-23,5.17,4.77,4.82,13870.188,4.7,203.8,5.25,1292.98999023438
2006-08-24,5.17,4.78,4.81,13870.188,4.7,203.8,5.25,1296.06005859375
2006-08-25,5.16,4.76,4.79,13870.188,4.7,203.8,5.25,1295.08996582031
2006-08-28,5.18,4.77,4.8,13870.188,4.7,203.8,5.25,1301.78002929688
2006-08-29,5.16,4.77,4.79,13870.188,4.7,203.8,5.25,1304.28002929688
2006-08-30,5.14,4.72,4.76,13870.188,4.7,203.8,5.25,1305.36999511719
2006-08-31,5.11,4.7,4.74,13870.188,4.7,203.8,5.25,1303.81994628906
2006-09-01,5.1,4.68,4.73,13870.188,4.5,202.8,5.25,1311.01000976562
2006-09-05,5.13,4.73,4.78,13870.188,4.5,202.8,5.25,1313.25
2006-09-06,5.12,4.75,4.8,13870.188,4.5,202.8,5.25,1300.26000976562
2006-09-07,5.13,4.74,4.8,13870.188,4.5,202.8,5.25,1294.02001953125
2006-09-08,5.1,4.71,4.78,13870.188,4.5,202.8,5.25,1298.92004394531
2006-09-11,5.13,4.74,4.8,13870.188,4.5,202.8,5.25,1299.5400390625
2006-09-12,5.12,4.71,4.78,13870.188,4.5,202.8,5.25,1313
2006-09-13,5.08,4.7,4.77,13870.188,4.5,202.8,5.25,1318.06994628906
2006-09-14,5.12,4.74,4.79,13870.188,4.5,202.8,5.25,1316.28002929688
2006-09-15,5.11,4.76,4.8,13870.188,4.5,202.8,5.25,1319.66003417969
2006-09-18,5.12,4.77,4.81,13870.188,4.5,202.8,5.25,1321.18005371094
2006-09-19,5.09,4.69,4.74,13870.188,4.5,202.8,5.25,1317.64001464844
2006-09-20,5.09,4.7,4.73,13870.188,4.5,202.8,5.25,1325.18005371094
2006-09-21,5.04,4.6,4.65,13870.188,4.5,202.8,5.25,1318.03002929688
2006-09-22,5.02,4.55,4.6,13870.188,4.5,202.8,5.25,1314.78002929688
2006-09-25,5.01,4.51,4.56,13870.188,4.5,202.8,5.25,1326.36999511719
2006-09-26,5.02,4.55,4.59,13870.188,4.5,202.8,5.25,1336.34997558594
2006-09-27,5.01,4.56,4.6,13870.188,4.5,202.8,5.25,1336.58996582031
2006-09-28,5.01,4.57,4.63,13870.188,4.5,202.8,5.25,1338.88000488281
2006-09-29,5.02,4.59,4.64,13870.188,4.5,202.8,5.25,1335.84997558594
2006-10-02,5.02,4.56,4.62,14039.56,4.4,201.9,5.25,1331.31994628906
2006-10-03,5.02,4.56,4.62,14039.56,4.4,201.9,5.25,1334.10998535156
2006-10-04,5,4.5,4.57,14039.56,4.4,201.9,5.25,1350.19995117188
2006-10-05,5.03,4.55,4.61,14039.56,4.4,201.9,5.25,1353.21997070312
2006-10-06,5.05,4.64,4.7,14039.56,4.4,201.9,5.25,1349.58996582031
2006-10-09,5.05,4.64,4.7,14039.56,4.4,201.9,5.25,1350.66003417969
2006-10-10,5.1,4.71,4.75,14039.56,4.4,201.9,5.25,1353.42004394531
2006-10-11,5.11,4.75,4.78,14039.56,4.4,201.9,5.25,1349.94995117188
2006-10-12,5.13,4.74,4.79,14039.56,4.4,201.9,5.25,1362.82995605469
2006-10-13,5.13,4.77,4.81,14039.56,4.4,201.9,5.25,1365.61999511719
2006-10-16,5.15,4.76,4.79,14039.56,4.4,201.9,5.25,1369.06005859375
2006-10-17,5.15,4.73,4.78,14039.56,4.4,201.9,5.25,1364.05004882812
2006-10-18,5.14,4.74,4.77,14039.56,4.4,201.9,5.25,1365.80004882812
2006-10-19,5.16,4.75,4.79,14039.56,4.4,201.9,5.25,1366.9599609375
2006-10-20,5.14,4.76,4.79,14039.56,4.4,201.9,5.25,1368.59997558594
2006-10-23,5.18,4.8,4.83,14039.56,4.4,201.9,5.25,1377.02001953125
2006-10-24,5.19,4.81,4.83,14039.56,4.4,201.9,5.25,1377.38000488281
2006-10-25,5.18,4.75,4.78,14039.56,4.4,201.9,5.25,1382.21997070312
2006-10-26,5.18,4.69,4.73,14039.56,4.4,201.9,5.25,1389.07995605469
2006-10-27,5.15,4.64,4.68,14039.56,4.4,201.9,5.25,1377.33996582031
2006-10-30,5.16,4.64,4.68,14039.56,4.4,201.9,5.25,1377.93005371094
2006-10-31,5.13,4.57,4.61,14039.56,4.4,201.9,5.25,1377.93994140625
2006-11-01,5.1,4.52,4.57,14039.56,4.5,202,5.25,1367.81005859375
2006-11-02,5.13,4.55,4.6,14039.56,4.5,202,5.25,1367.33996582031
2006-11-03,5.18,4.7,4.72,14039.56,4.5,202,5.25,1364.30004882812
2006-11-06,5.18,4.69,4.71,14039.56,4.5,202,5.25,1379.78002929688
2006-11-07,5.16,4.63,4.66,14039.56,4.5,202,5.25,1382.83996582031
2006-11-08,5.16,4.61,4.64,14039.56,4.5,202,5.25,1385.71997070312
2006-11-09,5.16,4.6,4.62,14039.56,4.5,202,5.25,1378.32995605469
2006-11-10,5.16,4.57,4.59,14039.56,4.5,202,5.25,1380.90002441406
2006-11-13,5.16,4.6,4.61,14039.56,4.5,202,5.25,1384.42004394531
2006-11-14,5.15,4.57,4.57,14039.56,4.5,202,5.25,1393.21997070312
2006-11-15,5.16,4.62,4.61,14039.56,4.5,202,5.25,1396.56994628906
2006-11-16,5.17,4.67,4.66,14039.56,4.5,202,5.25,1399.76000976562
2006-11-17,5.14,4.6,4.61,14039.56,4.5,202,5.25,1401.19995117188
2006-11-20,5.15,4.6,4.6,14039.56,4.5,202,5.25,1400.5
2006-11-21,5.15,4.58,4.58,14039.56,4.5,202,5.25,1402.81005859375
2006-11-22,5.15,4.57,4.57,14039.56,4.5,202,5.25,1406.08996582031
2006-11-24,5.13,4.55,4.55,14039.56,4.5,202,5.25,1400.94995117188
2006-11-27,5.14,4.54,4.54,14039.56,4.5,202,5.25,1381.9599609375
2006-11-28,5.13,4.5,4.51,14039.56,4.5,202,5.25,1386.71997070312
2006-11-29,5.13,4.51,4.52,14039.56,4.5,202,5.25,1399.47998046875
2006-11-30,5.1,4.45,4.46,14039.56,4.5,202,5.25,1400.63000488281
2006-12-01,5.05,4.39,4.43,14039.56,4.4,203.1,5.24,1396.7099609375
2006-12-04,5.04,4.39,4.43,14039.56,4.4,203.1,5.24,1409.11999511719
2006-12-05,5.03,4.39,4.45,14039.56,4.4,203.1,5.24,1414.76000976562
2006-12-06,5.05,4.44,4.48,14039.56,4.4,203.1,5.24,1412.90002441406
2006-12-07,5.05,4.45,4.49,14039.56,4.4,203.1,5.24,1407.2900390625
2006-12-08,5.08,4.53,4.56,14039.56,4.4,203.1,5.24,1409.83996582031
2006-12-11,5.07,4.5,4.52,14039.56,4.4,203.1,5.24,1413.0400390625
2006-12-12,5.06,4.45,4.49,14039.56,4.4,203.1,5.24,1411.56005859375
2006-12-13,5.07,4.54,4.58,14039.56,4.4,203.1,5.24,1413.2099609375
2006-12-14,5.08,4.58,4.6,14039.56,4.4,203.1,5.24,1425.48999023438
2006-12-15,5.07,4.57,4.6,14039.56,4.4,203.1,5.24,1427.08996582031
2006-12-18,5.09,4.57,4.6,14039.56,4.4,203.1,5.24,1422.47998046875
2006-12-19,5.08,4.57,4.6,14039.56,4.4,203.1,5.24,1425.55004882812
2006-12-20,5.08,4.57,4.6,14039.56,4.4,203.1,5.24,1423.53002929688
2006-12-21,5.06,4.52,4.55,14039.56,4.4,203.1,5.24,1418.30004882812
2006-12-22,5.08,4.59,4.63,14039.56,4.4,203.1,5.24,1410.76000976562
2006-12-26,5.11,4.58,4.61,14039.56,4.4,203.1,5.24,1416.90002441406
2006-12-27,5.1,4.64,4.66,14039.56,4.4,203.1,5.24,1426.83996582031
2006-12-28,5.1,4.69,4.7,14039.56,4.4,203.1,5.24,1424.72998046875
2006-12-29,5.09,4.7,4.71,14039.56,4.4,203.1,5.24,1418.30004882812
2007-01-03,5.09,4.66,4.67,14215.651,4.6,203.437,5.25,1416.59997558594
2007-01-04,5.07,4.61,4.62,14215.651,4.6,203.437,5.25,1418.33996582031
2007-01-05,5.09,4.65,4.65,14215.651,4.6,203.437,5.25,1409.7099609375
2007-01-08,5.13,4.66,4.66,14215.651,4.6,203.437,5.25,1412.83996582031
2007-01-09,5.13,4.65,4.66,14215.651,4.6,203.437,5.25,1412.10998535156
2007-01-10,5.13,4.68,4.69,14215.651,4.6,203.437,5.25,1414.84997558594
2007-01-11,5.15,4.73,4.74,14215.651,4.6,203.437,5.25,1423.81994628906
2007-01-12,5.15,4.76,4.77,14215.651,4.6,203.437,5.25,1430.72998046875
2007-01-16,5.16,4.74,4.75,14215.651,4.6,203.437,5.25,1431.90002441406
2007-01-17,5.16,4.78,4.79,14215.651,4.6,203.437,5.25,1430.61999511719
2007-01-18,5.16,4.75,4.75,14215.651,4.6,203.437,5.25,1426.36999511719
2007-01-19,5.17,4.78,4.78,14215.651,4.6,203.437,5.25,1430.5
2007-01-22,5.18,4.77,4.76,14215.651,4.6,203.437,5.25,1422.94995117188
2007-01-23,5.18,4.81,4.81,14215.651,4.6,203.437,5.25,1427.98999023438
2007-01-24,5.17,4.81,4.81,14215.651,4.6,203.437,5.25,1440.13000488281
2007-01-25,5.18,4.85,4.87,14215.651,4.6,203.437,5.25,1423.90002441406
2007-01-26,5.18,4.87,4.88,14215.651,4.6,203.437,5.25,1422.18005371094
2007-01-29,5.19,4.89,4.9,14215.651,4.6,203.437,5.25,1420.61999511719
2007-01-30,5.18,4.86,4.88,14215.651,4.6,203.437,5.25,1428.81994628906
2007-01-31,5.16,4.82,4.83,14215.651,4.6,203.437,5.25,1438.23999023438
2007-02-01,5.16,4.84,4.84,14215.651,4.5,204.226,5.26,1445.93994140625
2007-02-02,5.16,4.82,4.83,14215.651,4.5,204.226,5.26,1448.39001464844
2007-02-05,5.16,4.8,4.81,14215.651,4.5,204.226,5.26,1446.98999023438
2007-02-06,5.16,4.76,4.77,14215.651,4.5,204.226,5.26,1448
2007-02-07,5.16,4.74,4.74,14215.651,4.5,204.226,5.26,1450.02001953125
2007-02-08,5.16,4.73,4.73,14215.651,4.5,204.226,5.26,1448.31005859375
2007-02-09,5.17,4.78,4.79,14215.651,4.5,204.226,5.26,1438.06005859375
2007-02-12,5.18,4.8,4.8,14215.651,4.5,204.226,5.26,1433.36999511719
2007-02-13,5.17,4.81,4.82,14215.651,4.5,204.226,5.26,1444.26000976562
2007-02-14,5.16,4.72,4.74,14215.651,4.5,204.226,5.26,1455.30004882812
2007-02-15,5.15,4.68,4.7,14215.651,4.5,204.226,5.26,1456.81005859375
2007-02-16,5.15,4.68,4.69,14215.651,4.5,204.226,5.26,1455.5400390625
2007-02-20,5.16,4.67,4.68,14215.651,4.5,204.226,5.26,1459.68005371094
2007-02-21,5.16,4.68,4.69,14215.651,4.5,204.226,5.26,1457.63000488281
2007-02-22,5.17,4.72,4.73,14215.651,4.5,204.226,5.26,1456.38000488281
2007-02-23,5.17,4.67,4.68,14215.651,4.5,204.226,5.26,1451.18994140625
2007-02-26,5.18,4.62,4.63,14215.651,4.5,204.226,5.26,1449.36999511719
2007-02-27,5.1,4.46,4.5,14215.651,4.5,204.226,5.26,1399.0400390625
2007-02-28,5.12,4.52,4.56,14215.651,4.5,204.226,5.26,1406.81994628906
2007-03-01,5.11,4.5,4.56,14215.651,4.4,205.288,5.26,1403.17004394531
2007-03-02,5.07,4.46,4.52,14215.651,4.4,205.288,5.26,1387.17004394531
2007-03-05,5.08,4.45,4.51,14215.651,4.4,205.288,5.26,1374.11999511719
2007-03-06,5.1,4.48,4.53,14215.651,4.4,205.288,5.26,1395.41003417969
2007-03-07,5.09,4.45,4.5,14215.651,4.4,205.288,5.26,1391.96997070312
2007-03-08,5.08,4.45,4.51,14215.651,4.4,205.288,5.26,1401.89001464844
2007-03-09,5.13,4.55,4.59,14215.651,4.4,205.288,5.26,1402.83996582031
2007-03-12,5.13,4.5,4.56,14215.651,4.4,205.288,5.26,1406.59997558594
2007-03-13,5.1,4.41,4.5,14215.651,4.4,205.288,5.26,1377.94995117188
2007-03-14,5.1,4.44,4.53,14215.651,4.4,205.288,5.26,1387.17004394531
2007-03-15,5.12,4.46,4.54,14215.651,4.4,205.288,5.26,1392.28002929688
2007-03-16,5.13,4.47,4.55,14215.651,4.4,205.288,5.26,1386.94995117188
2007-03-19,5.13,4.5,4.58,14215.651,4.4,205.288,5.26,1402.06005859375
2007-03-20,5.12,4.47,4.56,14215.651,4.4,205.288,5.26,1410.93994140625
2007-03-21,5.08,4.43,4.53,14215.651,4.4,205.288,5.26,1435.0400390625
2007-03-22,5.08,4.49,4.6,14215.651,4.4,205.288,5.26,1434.5400390625
2007-03-23,5.1,4.52,4.62,14215.651,4.4,205.288,5.26,1436.10998535156
2007-03-26,5.09,4.48,4.6,14215.651,4.4,205.288,5.26,1437.5
2007-03-27,5.09,4.5,4.62,14215.651,4.4,205.288,5.26,1428.60998535156
2007-03-28,5.08,4.5,4.62,14215.651,4.4,205.288,5.26,1417.22998046875
2007-03-29,5.06,4.53,4.64,14215.651,4.4,205.288,5.26,1422.53002929688
2007-03-30,5.06,4.54,4.65,14215.651,4.4,205.288,5.26,1420.85998535156
2007-04-02,5.09,4.54,4.65,14402.082,4.5,205.904,5.25,1424.55004882812
2007-04-03,5.09,4.56,4.67,14402.082,4.5,205.904,5.25,1437.77001953125
2007-04-04,5.08,4.55,4.66,14402.082,4.5,205.904,5.25,1439.36999511719
2007-04-05,5.07,4.57,4.68,14402.082,4.5,205.904,5.25,1443.76000976562
2007-04-09,5.11,4.66,4.75,14402.082,4.5,205.904,5.25,1444.60998535156
2007-04-10,5.1,4.63,4.73,14402.082,4.5,205.904,5.25,1448.39001464844
2007-04-11,5.1,4.66,4.74,14402.082,4.5,205.904,5.25,1438.86999511719
2007-04-12,5.1,4.66,4.74,14402.082,4.5,205.904,5.25,1447.80004882812
2007-04-13,5.09,4.68,4.76,14402.082,4.5,205.904,5.25,1452.84997558594
2007-04-16,5.09,4.67,4.74,14402.082,4.5,205.904,5.25,1468.32995605469
2007-04-17,5.07,4.61,4.69,14402.082,4.5,205.904,5.25,1471.47998046875
2007-04-18,5.04,4.56,4.66,14402.082,4.5,205.904,5.25,1472.5
2007-04-19,5.04,4.57,4.68,14402.082,4.5,205.904,5.25,1470.72998046875
2007-04-20,5.05,4.57,4.68,14402.082,4.5,205.904,5.25,1484.34997558594
2007-04-23,5.04,4.55,4.66,14402.082,4.5,205.904,5.25,1480.93005371094
2007-04-24,5.03,4.51,4.63,14402.082,4.5,205.904,5.25,1480.41003417969
2007-04-25,5.03,4.55,4.66,14402.082,4.5,205.904,5.25,1495.42004394531
2007-04-26,5.04,4.59,4.69,14402.082,4.5,205.904,5.25,1494.25
2007-04-27,5.03,4.59,4.71,14402.082,4.5,205.904,5.25,1494.06994628906
2007-04-30,5.03,4.51,4.63,14402.082,4.5,205.904,5.25,1482.36999511719
2007-05-01,5.01,4.54,4.64,14402.082,4.4,206.755,5.25,1486.30004882812
2007-05-02,5.02,4.55,4.65,14402.082,4.4,206.755,5.25,1495.92004394531
2007-05-03,5.03,4.59,4.68,14402.082,4.4,206.755,5.25,1502.39001464844
2007-05-04,5.03,4.55,4.65,14402.082,4.4,206.755,5.25,1505.61999511719
2007-05-07,5.03,4.55,4.64,14402.082,4.4,206.755,5.25,1509.47998046875
2007-05-08,5.02,4.54,4.63,14402.082,4.4,206.755,5.25,1507.71997070312
2007-05-09,4.99,4.58,4.67,14402.082,4.4,206.755,5.25,1512.57995605469
2007-05-10,4.95,4.56,4.65,14402.082,4.4,206.755,5.25,1491.46997070312
2007-05-11,4.91,4.58,4.67,14402.082,4.4,206.755,5.25,1505.84997558594
2007-05-14,4.94,4.61,4.69,14402.082,4.4,206.755,5.25,1503.15002441406
2007-05-15,4.91,4.63,4.71,14402.082,4.4,206.755,5.25,1501.18994140625
2007-05-16,4.86,4.62,4.71,14402.082,4.4,206.755,5.25,1514.14001464844
2007-05-17,4.9,4.68,4.76,14402.082,4.4,206.755,5.25,1512.75
2007-05-18,4.98,4.74,4.81,14402.082,4.4,206.755,5.25,1522.75
2007-05-21,5.01,4.71,4.79,14402.082,4.4,206.755,5.25,1525.09997558594
2007-05-22,5.02,4.76,4.83,14402.082,4.4,206.755,5.25,1524.11999511719
2007-05-23,5.01,4.79,4.86,14402.082,4.4,206.755,5.25,1522.28002929688
2007-05-24,4.99,4.79,4.86,14402.082,4.4,206.755,5.25,1507.51000976562
2007-05-25,4.97,4.8,4.86,14402.082,4.4,206.755,5.25,1515.72998046875
2007-05-29,5,4.82,4.88,14402.082,4.4,206.755,5.25,1518.10998535156
2007-05-30,4.99,4.83,4.88,14402.082,4.4,206.755,5.25,1530.22998046875
2007-05-31,4.96,4.86,4.9,14402.082,4.4,206.755,5.25,1530.61999511719
2007-06-01,4.98,4.92,4.95,14402.082,4.6,207.234,5.25,1536.33996582031
2007-06-04,4.99,4.91,4.93,14402.082,4.6,207.234,5.25,1539.18005371094
2007-06-05,4.99,4.96,4.98,14402.082,4.6,207.234,5.25,1530.94995117188
2007-06-06,4.95,4.94,4.97,14402.082,4.6,207.234,5.25,1517.38000488281
2007-06-07,4.97,5.05,5.11,14402.082,4.6,207.234,5.25,1490.71997070312
2007-06-08,4.93,5.06,5.12,14402.082,4.6,207.234,5.25,1507.67004394531
2007-06-11,4.96,5.07,5.14,14402.082,4.6,207.234,5.25,1509.11999511719
2007-06-12,4.97,5.18,5.26,14402.082,4.6,207.234,5.25,1493
2007-06-13,4.94,5.13,5.2,14402.082,4.6,207.234,5.25,1515.67004394531
2007-06-14,4.93,5.16,5.23,14402.082,4.6,207.234,5.25,1522.96997070312
2007-06-15,4.87,5.1,5.16,14402.082,4.6,207.234,5.25,1532.91003417969
2007-06-18,4.93,5.07,5.15,14402.082,4.6,207.234,5.25,1531.05004882812
2007-06-19,4.91,5,5.09,14402.082,4.6,207.234,5.25,1533.69995117188
2007-06-20,4.97,5.05,5.14,14402.082,4.6,207.234,5.25,1512.83996582031
2007-06-21,4.96,5.06,5.16,14402.082,4.6,207.234,5.25,1522.18994140625
2007-06-22,4.95,5.02,5.14,14402.082,4.6,207.234,5.25,1502.56005859375
2007-06-25,5.01,4.97,5.09,14402.082,4.6,207.234,5.25,1497.73999023438
2007-06-26,5.01,4.99,5.1,14402.082,4.6,207.234,5.25,1492.89001464844
2007-06-27,4.95,4.97,5.09,14402.082,4.6,207.234,5.25,1506.33996582031
2007-06-28,4.95,5.02,5.12,14402.082,4.6,207.234,5.25,1505.7099609375
2007-06-29,4.93,4.92,5.03,14402.082,4.6,207.234,5.25,1503.34997558594
2007-07-02,5.02,4.9,5,14564.117,4.7,207.603,5.26,1519.43005371094
2007-07-03,5.02,4.95,5.05,14564.117,4.7,207.603,5.26,1524.86999511719
2007-07-05,5.03,5.05,5.16,14564.117,4.7,207.603,5.26,1525.40002441406
2007-07-06,5.01,5.1,5.19,14564.117,4.7,207.603,5.26,1530.43994140625
2007-07-09,5.05,5.07,5.16,14564.117,4.7,207.603,5.26,1531.84997558594
2007-07-10,5.03,4.93,5.03,14564.117,4.7,207.603,5.26,1510.11999511719
2007-07-11,5.04,4.98,5.09,14564.117,4.7,207.603,5.26,1518.76000976562
2007-07-12,5.05,5.03,5.13,14564.117,4.7,207.603,5.26,1547.69995117188
2007-07-13,5.05,5.01,5.11,14564.117,4.7,207.603,5.26,1552.5
2007-07-16,5.08,4.95,5.05,14564.117,4.7,207.603,5.26,1549.52001953125
2007-07-17,5.08,4.98,5.08,14564.117,4.7,207.603,5.26,1549.36999511719
2007-07-18,5.05,4.91,5.02,14564.117,4.7,207.603,5.26,1546.17004394531
2007-07-19,5.06,4.94,5.04,14564.117,4.7,207.603,5.26,1553.07995605469
2007-07-20,5.05,4.85,4.96,14564.117,4.7,207.603,5.26,1534.09997558594
2007-07-23,5.1,4.86,4.97,14564.117,4.7,207.603,5.26,1541.56994628906
2007-07-24,5.08,4.82,4.94,14564.117,4.7,207.603,5.26,1511.0400390625
2007-07-25,5.05,4.8,4.92,14564.117,4.7,207.603,5.26,1518.08996582031
2007-07-26,4.96,4.61,4.79,14564.117,4.7,207.603,5.26,1482.66003417969
2007-07-27,4.94,4.6,4.8,14564.117,4.7,207.603,5.26,1458.94995117188
2007-07-30,5,4.64,4.82,14564.117,4.7,207.603,5.26,1473.91003417969
2007-07-31,4.99,4.6,4.78,14564.117,4.7,207.603,5.26,1455.27001953125
2007-08-01,4.96,4.6,4.76,14564.117,4.6,207.667,5.02,1465.81005859375
2007-08-02,4.95,4.62,4.77,14564.117,4.6,207.667,5.02,1472.19995117188
2007-08-03,4.91,4.52,4.71,14564.117,4.6,207.667,5.02,1433.06005859375
2007-08-06,4.92,4.52,4.72,14564.117,4.6,207.667,5.02,1467.67004394531
2007-08-07,4.98,4.6,4.77,14564.117,4.6,207.667,5.02,1476.7099609375
2007-08-08,5.01,4.69,4.84,14564.117,4.6,207.667,5.02,1497.48999023438
2007-08-09,4.86,4.58,4.79,14564.117,4.6,207.667,5.02,1453.08996582031
2007-08-10,4.8,4.59,4.81,14564.117,4.6,207.667,5.02,1453.64001464844
2007-08-13,4.9,4.57,4.78,14564.117,4.6,207.667,5.02,1452.92004394531
2007-08-14,4.81,4.51,4.73,14564.117,4.6,207.667,5.02,1426.5400390625
2007-08-15,4.48,4.41,4.69,14564.117,4.6,207.667,5.02,1406.69995117188
2007-08-16,4.22,4.26,4.6,14564.117,4.6,207.667,5.02,1411.27001953125
2007-08-17,4.19,4.35,4.68,14564.117,4.6,207.667,5.02,1445.93994140625
2007-08-20,4.17,4.32,4.64,14564.117,4.6,207.667,5.02,1445.55004882812
2007-08-21,4.08,4.27,4.6,14564.117,4.6,207.667,5.02,1447.11999511719
2007-08-22,4.08,4.34,4.63,14564.117,4.6,207.667,5.02,1464.06994628906
2007-08-23,4.19,4.36,4.62,14564.117,4.6,207.667,5.02,1462.5
2007-08-24,4.32,4.42,4.63,14564.117,4.6,207.667,5.02,1479.36999511719
2007-08-27,4.69,4.39,4.6,14564.117,4.6,207.667,5.02,1466.7900390625
2007-08-28,4.48,4.25,4.53,14564.117,4.6,207.667,5.02,1432.35998535156
2007-08-29,4.3,4.31,4.57,14564.117,4.6,207.667,5.02,1463.76000976562
2007-08-30,4.21,4.21,4.51,14564.117,4.6,207.667,5.02,1457.64001464844
2007-08-31,4.21,4.25,4.54,14564.117,4.6,207.667,5.02,1473.98999023438
2007-09-04,4.52,4.26,4.56,14564.117,4.7,208.547,4.94,1489.42004394531
2007-09-05,4.41,4.16,4.48,14564.117,4.7,208.547,4.94,1472.2900390625
2007-09-06,4.42,4.2,4.51,14564.117,4.7,208.547,4.94,1478.55004882812
2007-09-07,4.2,4.03,4.38,14564.117,4.7,208.547,4.94,1453.55004882812
2007-09-10,4.2,4,4.34,14564.117,4.7,208.547,4.94,1451.69995117188
2007-09-11,4.27,4.07,4.37,14564.117,4.7,208.547,4.94,1471.48999023438
2007-09-12,4.2,4.11,4.41,14564.117,4.7,208.547,4.94,1471.56005859375
2007-09-13,4.27,4.22,4.49,14564.117,4.7,208.547,4.94,1483.94995117188
2007-09-14,4.22,4.18,4.47,14564.117,4.7,208.547,4.94,1484.25
2007-09-17,4.31,4.21,4.48,14564.117,4.7,208.547,4.94,1476.65002441406
2007-09-18,4.12,4.19,4.5,14564.117,4.7,208.547,4.94,1519.78002929688
2007-09-19,4.09,4.2,4.53,14564.117,4.7,208.547,4.94,1529.03002929688
2007-09-20,4.11,4.35,4.69,14564.117,4.7,208.547,4.94,1518.75
2007-09-21,4.1,4.31,4.64,14564.117,4.7,208.547,4.94,1525.75
2007-09-24,4.11,4.31,4.63,14564.117,4.7,208.547,4.94,1517.72998046875
2007-09-25,4.06,4.26,4.63,14564.117,4.7,208.547,4.94,1517.2099609375
2007-09-26,4.06,4.27,4.63,14564.117,4.7,208.547,4.94,1525.42004394531
2007-09-27,4.07,4.22,4.58,14564.117,4.7,208.547,4.94,1531.38000488281
2007-09-28,4.09,4.23,4.59,14564.117,4.7,208.547,4.94,1526.75
2007-10-01,4.15,4.24,4.56,14715.058,4.7,209.19,4.76,1547.0400390625
2007-10-02,4.16,4.2,4.54,14715.058,4.7,209.19,4.76,1546.63000488281
2007-10-03,4.16,4.24,4.55,14715.058,4.7,209.19,4.76,1539.58996582031
2007-10-04,4.15,4.22,4.54,14715.058,4.7,209.19,4.76,1542.83996582031
2007-10-05,4.2,4.33,4.65,14715.058,4.7,209.19,4.76,1557.58996582031
2007-10-08,4.2,4.33,4.65,14715.058,4.7,209.19,4.76,1552.57995605469
2007-10-09,4.28,4.38,4.67,14715.058,4.7,209.19,4.76,1565.15002441406
2007-10-10,4.27,4.37,4.65,14715.058,4.7,209.19,4.76,1562.46997070312
2007-10-11,4.27,4.36,4.66,14715.058,4.7,209.19,4.76,1554.41003417969
2007-10-12,4.31,4.42,4.7,14715.058,4.7,209.19,4.76,1561.80004882812
2007-10-15,4.4,4.4,4.69,14715.058,4.7,209.19,4.76,1548.7099609375
2007-10-16,4.33,4.34,4.66,14715.058,4.7,209.19,4.76,1538.53002929688
2007-10-17,4.17,4.22,4.57,14715.058,4.7,209.19,4.76,1541.23999023438
2007-10-18,4.09,4.17,4.52,14715.058,4.7,209.19,4.76,1540.07995605469
2007-10-19,4.07,4.03,4.41,14715.058,4.7,209.19,4.76,1500.63000488281
2007-10-22,4.15,4.08,4.42,14715.058,4.7,209.19,4.76,1506.32995605469
2007-10-23,4.12,4.06,4.41,14715.058,4.7,209.19,4.76,1519.58996582031
2007-10-24,4,3.99,4.36,14715.058,4.7,209.19,4.76,1515.88000488281
2007-10-25,4.02,4.01,4.37,14715.058,4.7,209.19,4.76,1514.40002441406
2007-10-26,4.05,4.04,4.41,14715.058,4.7,209.19,4.76,1535.28002929688
2007-10-29,4.1,4.04,4.39,14715.058,4.7,209.19,4.76,1540.97998046875
2007-10-30,4.07,4.06,4.4,14715.058,4.7,209.19,4.76,1531.02001953125
2007-10-31,4.09,4.16,4.48,14715.058,4.7,209.19,4.76,1549.38000488281
2007-11-01,3.95,4.02,4.36,14715.058,4.7,210.834,4.49,1508.43994140625
2007-11-02,3.79,3.93,4.31,14715.058,4.7,210.834,4.49,1509.65002441406
2007-11-05,3.94,3.96,4.35,14715.058,4.7,210.834,4.49,1502.17004394531
2007-11-06,3.9,3.99,4.38,14715.058,4.7,210.834,4.49,1520.27001953125
2007-11-07,3.76,3.92,4.34,14715.058,4.7,210.834,4.49,1475.61999511719
2007-11-08,3.67,3.81,4.28,14715.058,4.7,210.834,4.49,1474.77001953125
2007-11-09,3.64,3.77,4.23,14715.058,4.7,210.834,4.49,1453.69995117188
2007-11-12,3.64,3.77,4.23,14715.058,4.7,210.834,4.49,1439.18005371094
2007-11-13,3.76,3.84,4.26,14715.058,4.7,210.834,4.49,1481.05004882812
2007-11-14,3.7,3.86,4.28,14715.058,4.7,210.834,4.49,1470.57995605469
2007-11-15,3.56,3.71,4.17,14715.058,4.7,210.834,4.49,1451.15002441406
2007-11-16,3.57,3.68,4.15,14715.058,4.7,210.834,4.49,1458.73999023438
2007-11-19,3.55,3.57,4.07,14715.058,4.7,210.834,4.49,1433.27001953125
2007-11-20,3.41,3.52,4.06,14715.058,4.7,210.834,4.49,1439.69995117188
2007-11-21,3.28,3.4,4,14715.058,4.7,210.834,4.49,1416.77001953125
2007-11-23,3.39,3.42,4.01,14715.058,4.7,210.834,4.49,1440.69995117188
2007-11-26,3.33,3.23,3.83,14715.058,4.7,210.834,4.49,1407.21997070312
2007-11-27,3.37,3.38,3.95,14715.058,4.7,210.834,4.49,1428.22998046875
2007-11-28,3.38,3.5,4.03,14715.058,4.7,210.834,4.49,1469.02001953125
2007-11-29,3.3,3.42,3.94,14715.058,4.7,210.834,4.49,1469.71997070312
2007-11-30,3.37,3.41,3.97,14715.058,4.7,210.834,4.49,1481.14001464844
2007-12-03,3.28,3.28,3.89,14715.058,5,211.445,4.24,1472.42004394531
2007-12-04,3.22,3.28,3.89,14715.058,5,211.445,4.24,1462.7900390625
2007-12-05,3.24,3.28,3.92,14715.058,5,211.445,4.24,1485.01000976562
2007-12-06,3.29,3.39,4.02,14715.058,5,211.445,4.24,1507.33996582031
2007-12-07,3.3,3.51,4.12,14715.058,5,211.445,4.24,1504.66003417969
2007-12-10,3.31,3.54,4.15,14715.058,5,211.445,4.24,1515.9599609375
2007-12-11,3.17,3.32,3.98,14715.058,5,211.445,4.24,1477.65002441406
2007-12-12,3.2,3.41,4.05,14715.058,5,211.445,4.24,1486.58996582031
2007-12-13,3.22,3.54,4.18,14715.058,5,211.445,4.24,1488.41003417969
2007-12-14,3.26,3.63,4.24,14715.058,5,211.445,4.24,1467.94995117188
2007-12-17,3.39,3.57,4.2,14715.058,5,211.445,4.24,1445.90002441406
2007-12-18,3.37,3.53,4.14,14715.058,5,211.445,4.24,1454.97998046875
2007-12-19,3.33,3.46,4.06,14715.058,5,211.445,4.24,1453
2007-12-20,3.26,3.45,4.04,14715.058,5,211.445,4.24,1460.11999511719
2007-12-21,3.38,3.58,4.18,14715.058,5,211.445,4.24,1484.4599609375
2007-12-24,3.57,3.65,4.23,14715.058,5,211.445,4.24,1496.44995117188
2007-12-26,3.58,3.72,4.3,14715.058,5,211.445,4.24,1497.66003417969
2007-12-27,3.43,3.64,4.21,14715.058,5,211.445,4.24,1476.27001953125
2007-12-28,3.45,3.52,4.11,14715.058,5,211.445,4.24,1478.48999023438
2007-12-31,3.49,3.45,4.04,14715.058,5,211.445,4.24,1468.35998535156
2008-01-02,3.32,3.28,3.91,14706.538,5,212.174,3.94,1447.16003417969
2008-01-03,3.29,3.26,3.91,14706.538,5,212.174,3.94,1447.16003417969
2008-01-04,3.22,3.18,3.88,14706.538,5,212.174,3.94,1411.63000488281
2008-01-07,3.29,3.16,3.86,14706.538,5,212.174,3.94,1416.18005371094
2008-01-08,3.27,3.16,3.86,14706.538,5,212.174,3.94,1390.18994140625
2008-01-09,3.22,3.1,3.82,14706.538,5,212.174,3.94,1409.13000488281
2008-01-10,3.21,3.16,3.91,14706.538,5,212.174,3.94,1420.32995605469
2008-01-11,3.07,3.06,3.82,14706.538,5,212.174,3.94,1401.02001953125
2008-01-14,3.07,3.08,3.81,14706.538,5,212.174,3.94,1416.25
2008-01-15,3.05,3,3.72,14706.538,5,212.174,3.94,1380.94995117188
2008-01-16,3.05,3,3.74,14706.538,5,212.174,3.94,1373.19995117188
2008-01-17,3.01,2.9,3.66,14706.538,5,212.174,3.94,1333.25
2008-01-18,2.86,2.86,3.66,14706.538,5,212.174,3.94,1325.18994140625
2008-01-22,2.41,2.64,3.52,14706.538,5,212.174,3.94,1310.5
2008-01-23,2.25,2.64,3.51,14706.538,5,212.174,3.94,1338.59997558594
2008-01-24,2.48,2.85,3.68,14706.538,5,212.174,3.94,1352.06994628906
2008-01-25,2.41,2.81,3.61,14706.538,5,212.174,3.94,1330.60998535156
2008-01-28,2.36,2.8,3.61,14706.538,5,212.174,3.94,1353.9599609375
2008-01-29,2.36,2.87,3.69,14706.538,5,212.174,3.94,1362.30004882812
2008-01-30,2.29,2.96,3.78,14706.538,5,212.174,3.94,1355.81005859375
2008-01-31,2.07,2.82,3.67,14706.538,5,212.174,3.94,1378.55004882812
2008-02-01,2.15,2.75,3.62,14706.538,4.9,212.687,2.98,1395.42004394531
2008-02-04,2.22,2.78,3.68,14706.538,4.9,212.687,2.98,1380.81994628906
2008-02-05,2.13,2.66,3.61,14706.538,4.9,212.687,2.98,1336.64001464844
2008-02-06,2.1,2.67,3.61,14706.538,4.9,212.687,2.98,1326.44995117188
2008-02-07,2.13,2.79,3.74,14706.538,4.9,212.687,2.98,1336.91003417969
2008-02-08,2.12,2.69,3.64,14706.538,4.9,212.687,2.98,1331.2900390625
2008-02-11,2.13,2.67,3.62,14706.538,4.9,212.687,2.98,1339.13000488281
2008-02-12,2.12,2.71,3.66,14706.538,4.9,212.687,2.98,1348.85998535156
2008-02-13,2.1,2.71,3.7,14706.538,4.9,212.687,2.98,1367.2099609375
2008-02-14,2.12,2.81,3.85,14706.538,4.9,212.687,2.98,1348.85998535156
2008-02-15,2.07,2.76,3.76,14706.538,4.9,212.687,2.98,1349.98999023438
2008-02-19,2.14,2.93,3.89,14706.538,4.9,212.687,2.98,1348.78002929688
2008-02-20,2.17,3.02,3.93,14706.538,4.9,212.687,2.98,1360.03002929688
2008-02-21,2.1,2.8,3.77,14706.538,4.9,212.687,2.98,1342.53002929688
2008-02-22,2.14,2.81,3.79,14706.538,4.9,212.687,2.98,1353.10998535156
2008-02-25,2.13,2.98,3.91,14706.538,4.9,212.687,2.98,1371.80004882812
2008-02-26,2.09,2.92,3.88,14706.538,4.9,212.687,2.98,1381.2900390625
2008-02-27,2.02,2.89,3.85,14706.538,4.9,212.687,2.98,1380.02001953125
2008-02-28,1.95,2.73,3.71,14706.538,4.9,212.687,2.98,1367.68005371094
2008-02-29,1.83,2.5,3.53,14706.538,4.9,212.687,2.98,1330.63000488281
2008-03-03,1.8,2.48,3.54,14706.538,5.1,213.448,2.61,1331.33996582031
2008-03-04,1.76,2.53,3.63,14706.538,5.1,213.448,2.61,1326.75
2008-03-05,1.75,2.59,3.7,14706.538,5.1,213.448,2.61,1333.69995117188
2008-03-06,1.61,2.5,3.62,14706.538,5.1,213.448,2.61,1304.33996582031
2008-03-07,1.56,2.45,3.56,14706.538,5.1,213.448,2.61,1293.36999511719
2008-03-10,1.45,2.37,3.46,14706.538,5.1,213.448,2.61,1273.36999511719
2008-03-11,1.64,2.61,3.6,14706.538,5.1,213.448,2.61,1320.65002441406
2008-03-12,1.56,2.49,3.49,14706.538,5.1,213.448,2.61,1308.77001953125
2008-03-13,1.5,2.53,3.56,14706.538,5.1,213.448,2.61,1315.47998046875
2008-03-14,1.32,2.37,3.44,14706.538,5.1,213.448,2.61,1288.14001464844
2008-03-17,1.31,2.23,3.34,14706.538,5.1,213.448,2.61,1276.59997558594
2008-03-18,1.32,2.42,3.48,14706.538,5.1,213.448,2.61,1330.73999023438
2008-03-19,1.22,2.36,3.38,14706.538,5.1,213.448,2.61,1298.42004394531
2008-03-20,1.2,2.36,3.34,14706.538,5.1,213.448,2.61,1329.51000976562
2008-03-24,1.6,2.64,3.56,14706.538,5.1,213.448,2.61,1349.88000488281
2008-03-25,1.56,2.61,3.51,14706.538,5.1,213.448,2.61,1352.98999023438
2008-03-26,1.48,2.55,3.51,14706.538,5.1,213.448,2.61,1341.13000488281
2008-03-27,1.49,2.61,3.56,14706.538,5.1,213.448,2.61,1325.76000976562
2008-03-28,1.5,2.51,3.47,14706.538,5.1,213.448,2.61,1315.21997070312
2008-03-31,1.51,2.46,3.45,14706.538,5.1,213.448,2.61,1322.69995117188
2008-04-01,1.53,2.65,3.57,14865.701,5,213.942,2.28,1370.18005371094
2008-04-02,1.56,2.72,3.6,14865.701,5,213.942,2.28,1367.53002929688
2008-04-03,1.56,2.75,3.61,14865.701,5,213.942,2.28,1369.31005859375
2008-04-04,1.53,2.63,3.5,14865.701,5,213.942,2.28,1370.40002441406
2008-04-07,1.61,2.75,3.57,14865.701,5,213.942,2.28,1372.5400390625
2008-04-08,1.58,2.72,3.58,14865.701,5,213.942,2.28,1365.5400390625
2008-04-09,1.51,2.59,3.49,14865.701,5,213.942,2.28,1354.48999023438
2008-04-10,1.49,2.66,3.55,14865.701,5,213.942,2.28,1360.55004882812
2008-04-11,1.4,2.57,3.49,14865.701,5,213.942,2.28,1332.82995605469
2008-04-14,1.41,2.6,3.53,14865.701,5,213.942,2.28,1328.31994628906
2008-04-15,1.42,2.68,3.6,14865.701,5,213.942,2.28,1334.43005371094
2008-04-16,1.49,2.82,3.72,14865.701,5,213.942,2.28,1364.7099609375
2008-04-17,1.58,2.9,3.75,14865.701,5,213.942,2.28,1365.56005859375
2008-04-18,1.68,2.95,3.77,14865.701,5,213.942,2.28,1390.32995605469
2008-04-21,1.68,2.95,3.75,14865.701,5,213.942,2.28,1388.17004394531
2008-04-22,1.64,2.96,3.74,14865.701,5,213.942,2.28,1375.93994140625
2008-04-23,1.64,2.98,3.77,14865.701,5,213.942,2.28,1379.93005371094
2008-04-24,1.66,3.15,3.87,14865.701,5,213.942,2.28,1388.81994628906
2008-04-25,1.73,3.2,3.91,14865.701,5,213.942,2.28,1397.83996582031
2008-04-28,1.74,3.14,3.86,14865.701,5,213.942,2.28,1396.36999511719
2008-04-29,1.74,3.11,3.85,14865.701,5,213.942,2.28,1390.93994140625
2008-04-30,1.64,3.03,3.77,14865.701,5,213.942,2.28,1385.58996582031
2008-05-01,1.73,3.06,3.78,14865.701,5.4,215.208,1.98,1409.33996582031
2008-05-02,1.72,3.18,3.89,14865.701,5.4,215.208,1.98,1413.90002441406
2008-05-05,1.76,3.14,3.88,14865.701,5.4,215.208,1.98,1407.48999023438
2008-05-06,1.76,3.15,3.93,14865.701,5.4,215.208,1.98,1418.26000976562
2008-05-07,1.75,3.09,3.87,14865.701,5.4,215.208,1.98,1392.56994628906
2008-05-08,1.74,2.99,3.79,14865.701,5.4,215.208,1.98,1397.68005371094
2008-05-09,1.74,2.98,3.77,14865.701,5.4,215.208,1.98,1388.28002929688
2008-05-12,1.87,3,3.78,14865.701,5.4,215.208,1.98,1403.57995605469
2008-05-13,1.89,3.17,3.9,14865.701,5.4,215.208,1.98,1403.0400390625
2008-05-14,1.9,3.22,3.92,14865.701,5.4,215.208,1.98,1408.66003417969
2008-05-15,1.9,3.1,3.83,14865.701,5.4,215.208,1.98,1423.56994628906
2008-05-16,1.91,3.12,3.85,14865.701,5.4,215.208,1.98,1425.34997558594
2008-05-19,1.89,3.09,3.83,14865.701,5.4,215.208,1.98,1426.63000488281
2008-05-20,1.9,3.02,3.78,14865.701,5.4,215.208,1.98,1413.40002441406
2008-05-21,1.9,3.09,3.81,14865.701,5.4,215.208,1.98,1390.7099609375
2008-05-22,1.95,3.24,3.92,14865.701,5.4,215.208,1.98,1394.34997558594
2008-05-23,1.94,3.15,3.85,14865.701,5.4,215.208,1.98,1375.93005371094
2008-05-27,1.94,3.25,3.93,14865.701,5.4,215.208,1.98,1385.34997558594
2008-05-28,2,3.36,4.03,14865.701,5.4,215.208,1.98,1390.83996582031
2008-05-29,1.93,3.41,4.08,14865.701,5.4,215.208,1.98,1398.26000976562
2008-05-30,2.01,3.41,4.06,14865.701,5.4,215.208,1.98,1400.38000488281
2008-06-02,1.99,3.28,3.98,14865.701,5.6,217.463,2,1385.67004394531
2008-06-03,2,3.21,3.92,14865.701,5.6,217.463,2,1377.65002441406
2008-06-04,1.99,3.26,3.98,14865.701,5.6,217.463,2,1377.19995117188
2008-06-05,2,3.34,4.06,14865.701,5.6,217.463,2,1404.05004882812
2008-06-06,2,3.2,3.94,14865.701,5.6,217.463,2,1360.68005371094
2008-06-09,2.12,3.41,4.02,14865.701,5.6,217.463,2,1361.76000976562
2008-06-10,2.24,3.54,4.11,14865.701,5.6,217.463,2,1358.43994140625
2008-06-11,2.18,3.49,4.1,14865.701,5.6,217.463,2,1335.48999023438
2008-06-12,2.28,3.68,4.23,14865.701,5.6,217.463,2,1339.86999511719
2008-06-13,2.3,3.73,4.27,14865.701,5.6,217.463,2,1360.03002929688
2008-06-16,2.42,3.73,4.25,14865.701,5.6,217.463,2,1360.14001464844
2008-06-17,2.33,3.66,4.23,14865.701,5.6,217.463,2,1350.93005371094
2008-06-18,2.29,3.57,4.16,14865.701,5.6,217.463,2,1337.81005859375
2008-06-19,2.29,3.67,4.22,14865.701,5.6,217.463,2,1342.82995605469
2008-06-20,2.23,3.57,4.16,14865.701,5.6,217.463,2,1317.93005371094
2008-06-23,2.31,3.65,4.19,14865.701,5.6,217.463,2,1318
2008-06-24,2.25,3.52,4.1,14865.701,5.6,217.463,2,1314.2900390625
2008-06-25,2.22,3.54,4.12,14865.701,5.6,217.463,2,1321.96997070312
2008-06-26,2.16,3.44,4.07,14865.701,5.6,217.463,2,1283.15002441406
2008-06-27,2.12,3.36,3.99,14865.701,5.6,217.463,2,1278.38000488281
2008-06-30,2.17,3.34,3.99,14865.701,5.6,217.463,2,1280
2008-07-01,2.13,3.33,4.01,14898.999,5.8,219.016,2.01,1284.91003417969
2008-07-02,2.1,3.31,3.99,14898.999,5.8,219.016,2.01,1261.52001953125
2008-07-03,2.09,3.28,3.99,14898.999,5.8,219.016,2.01,1262.90002441406
2008-07-07,2.1,3.23,3.95,14898.999,5.8,219.016,2.01,1252.31005859375
2008-07-08,2.09,3.19,3.91,14898.999,5.8,219.016,2.01,1273.69995117188
2008-07-09,2.05,3.11,3.85,14898.999,5.8,219.016,2.01,1244.68994140625
2008-07-10,2.01,3.1,3.83,14898.999,5.8,219.016,2.01,1253.39001464844
2008-07-11,2.02,3.27,3.96,14898.999,5.8,219.016,2.01,1239.48999023438
2008-07-14,1.95,3.2,3.9,14898.999,5.8,219.016,2.01,1228.30004882812
2008-07-15,1.9,3.12,3.87,14898.999,5.8,219.016,2.01,1214.91003417969
2008-07-16,1.89,3.2,3.97,14898.999,5.8,219.016,2.01,1245.35998535156
2008-07-17,1.92,3.35,4.07,14898.999,5.8,219.016,2.01,1260.31994628906
2008-07-18,1.91,3.42,4.11,14898.999,5.8,219.016,2.01,1260.68005371094
2008-07-21,1.93,3.41,4.09,14898.999,5.8,219.016,2.01,1260
2008-07-22,1.95,3.48,4.14,14898.999,5.8,219.016,2.01,1277
2008-07-23,1.91,3.51,4.16,14898.999,5.8,219.016,2.01,1282.18994140625
2008-07-24,1.9,3.37,4.03,14898.999,5.8,219.016,2.01,1252.5400390625
2008-07-25,1.95,3.45,4.13,14898.999,5.8,219.016,2.01,1257.76000976562
2008-07-28,1.92,3.34,4.06,14898.999,5.8,219.016,2.01,1234.36999511719
2008-07-29,1.96,3.39,4.09,14898.999,5.8,219.016,2.01,1263.19995117188
2008-07-30,1.9,3.36,4.07,14898.999,5.8,219.016,2.01,1284.26000976562
2008-07-31,1.89,3.25,3.99,14898.999,5.8,219.016,2.01,1267.38000488281
2008-08-01,1.88,3.23,3.97,14898.999,6.1,218.69,2,1260.31005859375
2008-08-04,1.97,3.23,3.98,14898.999,6.1,218.69,2,1249.01000976562
2008-08-05,1.97,3.28,4.04,14898.999,6.1,218.69,2,1284.88000488281
2008-08-06,1.92,3.3,4.06,14898.999,6.1,218.69,2,1289.18994140625
2008-08-07,1.92,3.16,3.92,14898.999,6.1,218.69,2,1266.06994628906
2008-08-08,1.95,3.21,3.94,14898.999,6.1,218.69,2,1296.31994628906
2008-08-11,2.05,3.27,3.99,14898.999,6.1,218.69,2,1305.31994628906
2008-08-12,2.05,3.16,3.91,14898.999,6.1,218.69,2,1289.58996582031
2008-08-13,2,3.21,3.94,14898.999,6.1,218.69,2,1285.82995605469
2008-08-14,2,3.15,3.89,14898.999,6.1,218.69,2,1292.93005371094
2008-08-15,1.99,3.11,3.84,14898.999,6.1,218.69,2,1298.19995117188
2008-08-18,2.03,3.07,3.82,14898.999,6.1,218.69,2,1278.59997558594
2008-08-19,1.97,3.07,3.83,14898.999,6.1,218.69,2,1266.68994140625
2008-08-20,1.9,3,3.79,14898.999,6.1,218.69,2,1274.5400390625
2008-08-21,1.95,3.08,3.84,14898.999,6.1,218.69,2,1277.71997070312
2008-08-22,1.97,3.14,3.87,14898.999,6.1,218.69,2,1292.19995117188
2008-08-25,1.96,3.04,3.79,14898.999,6.1,218.69,2,1266.83996582031
2008-08-26,1.95,3.06,3.79,14898.999,6.1,218.69,2,1271.51000976562
2008-08-27,1.93,3.02,3.77,14898.999,6.1,218.69,2,1281.66003417969
2008-08-28,1.98,3.09,3.79,14898.999,6.1,218.69,2,1300.68005371094
2008-08-29,1.97,3.1,3.83,14898.999,6.1,218.69,2,1282.82995605469
2008-09-02,1.93,3,3.74,14898.999,6.1,218.877,1.81,1277.57995605469
2008-09-03,1.9,2.95,3.71,14898.999,6.1,218.877,1.81,1274.97998046875
2008-09-04,1.89,2.87,3.64,14898.999,6.1,218.877,1.81,1236.82995605469
2008-09-05,1.9,2.91,3.66,14898.999,6.1,218.877,1.81,1242.31005859375
2008-09-08,1.92,2.96,3.66,14898.999,6.1,218.877,1.81,1267.7900390625
2008-09-09,1.89,2.9,3.62,14898.999,6.1,218.877,1.81,1224.51000976562
2008-09-10,1.87,2.91,3.65,14898.999,6.1,218.877,1.81,1232.0400390625
2008-09-11,1.85,2.87,3.64,14898.999,6.1,218.877,1.81,1249.05004882812
2008-09-12,1.84,2.97,3.74,14898.999,6.1,218.877,1.81,1251.69995117188
2008-09-15,1.55,2.59,3.47,14898.999,6.1,218.877,1.81,1192.69995117188
2008-09-16,1.52,2.64,3.48,14898.999,6.1,218.877,1.81,1213.59997558594
2008-09-17,1.03,2.52,3.41,14898.999,6.1,218.877,1.81,1156.39001464844
2008-09-18,0.79,2.67,3.54,14898.999,6.1,218.877,1.81,1206.51000976562
2008-09-19,1.54,3.01,3.78,14898.999,6.1,218.877,1.81,1255.07995605469
2008-09-22,1.76,3.04,3.83,14898.999,6.1,218.877,1.81,1207.08996582031
2008-09-23,1.63,3.03,3.85,14898.999,6.1,218.877,1.81,1188.21997070312
2008-09-24,1.45,2.91,3.8,14898.999,6.1,218.877,1.81,1185.86999511719
2008-09-25,1.57,3.09,3.88,14898.999,6.1,218.877,1.81,1209.18005371094
2008-09-26,1.54,3.05,3.85,14898.999,6.1,218.877,1.81,1213.27001953125
2008-09-29,1.49,2.7,3.61,14898.999,6.1,218.877,1.81,1106.42004394531
2008-09-30,1.6,2.98,3.85,14898.999,6.1,218.877,1.81,1166.35998535156
2008-10-01,1.49,2.87,3.77,14608.209,6.5,216.995,0.97,1161.06005859375
2008-10-02,1.21,2.68,3.66,14608.209,6.5,216.995,0.97,1114.28002929688
2008-10-03,1.14,2.64,3.63,14608.209,6.5,216.995,0.97,1099.22998046875
2008-10-06,1.12,2.45,3.48,14608.209,6.5,216.995,0.97,1056.89001464844
2008-10-07,1.14,2.45,3.5,14608.209,6.5,216.995,0.97,996.22998046875
2008-10-08,1.07,2.7,3.72,14608.209,6.5,216.995,0.97,984.940002441406
2008-10-09,1.07,2.79,3.84,14608.209,6.5,216.995,0.97,909.919982910156
2008-10-10,0.84,2.77,3.89,14608.209,6.5,216.995,0.97,899.219970703125
2008-10-13,0.84,2.77,3.89,14608.209,6.5,216.995,0.97,1003.34997558594
2008-10-14,1.07,3.01,4.08,14608.209,6.5,216.995,0.97,998.010009765625
2008-10-15,0.92,2.9,4.04,14608.209,6.5,216.995,0.97,907.840026855469
2008-10-16,1.18,2.84,3.99,14608.209,6.5,216.995,0.97,946.429992675781
2008-10-17,1.25,2.83,3.98,14608.209,6.5,216.995,0.97,940.549987792969
2008-10-20,1.74,2.82,3.91,14608.209,6.5,216.995,0.97,985.400024414062
2008-10-21,1.61,2.63,3.76,14608.209,6.5,216.995,0.97,955.049987792969
2008-10-22,1.53,2.56,3.65,14608.209,6.5,216.995,0.97,896.780029296875
2008-10-23,1.51,2.57,3.63,14608.209,6.5,216.995,0.97,908.109985351562
2008-10-24,1.43,2.64,3.76,14608.209,6.5,216.995,0.97,876.77001953125
2008-10-27,1.36,2.67,3.79,14608.209,6.5,216.995,0.97,848.919982910156
2008-10-28,1.25,2.75,3.89,14608.209,6.5,216.995,0.97,940.510009765625
2008-10-29,1.1,2.77,3.93,14608.209,6.5,216.995,0.97,930.090026855469
2008-10-30,1,2.84,4,14608.209,6.5,216.995,0.97,954.090026855469
2008-10-31,0.94,2.8,4.01,14608.209,6.5,216.995,0.97,968.75
2008-11-03,1.07,2.71,3.96,14608.209,6.8,213.153,0.39,966.299987792969
2008-11-04,1.03,2.56,3.81,14608.209,6.8,213.153,0.39,1005.75
2008-11-05,0.9,2.5,3.73,14608.209,6.8,213.153,0.39,952.77001953125
2008-11-06,0.83,2.46,3.75,14608.209,6.8,213.153,0.39,904.880004882812
2008-11-07,0.83,2.56,3.83,14608.209,6.8,213.153,0.39,930.989990234375
2008-11-10,0.91,2.51,3.82,14608.209,6.8,213.153,0.39,919.210021972656
2008-11-11,0.91,2.51,3.82,14608.209,6.8,213.153,0.39,898.950012207031
2008-11-12,0.75,2.37,3.75,14608.209,6.8,213.153,0.39,852.299987792969
2008-11-13,0.93,2.43,3.84,14608.209,6.8,213.153,0.39,911.289978027344
2008-11-14,0.9,2.33,3.72,14608.209,6.8,213.153,0.39,873.289978027344
2008-11-17,0.81,2.32,3.68,14608.209,6.8,213.153,0.39,850.75
2008-11-18,0.76,2.22,3.53,14608.209,6.8,213.153,0.39,859.119995117188
2008-11-19,0.66,2.08,3.38,14608.209,6.8,213.153,0.39,806.580017089844
2008-11-20,0.52,1.94,3.1,14608.209,6.8,213.153,0.39,752.440002441406
2008-11-21,0.45,2.02,3.2,14608.209,6.8,213.153,0.39,800.030029296875
2008-11-24,0.54,2.24,3.35,14608.209,6.8,213.153,0.39,851.809997558594
2008-11-25,0.53,2.06,3.11,14608.209,6.8,213.153,0.39,857.390014648438
2008-11-26,0.48,2.01,2.99,14608.209,6.8,213.153,0.39,887.679992675781
2008-11-28,0.44,1.93,2.93,14608.209,6.8,213.153,0.39,896.239990234375
2008-12-01,0.44,1.71,2.72,14608.209,7.3,211.398,0.16,816.210021972656
2008-12-02,0.42,1.65,2.68,14608.209,7.3,211.398,0.16,848.809997558594
2008-12-03,0.35,1.6,2.67,14608.209,7.3,211.398,0.16,870.739990234375
2008-12-04,0.26,1.51,2.55,14608.209,7.3,211.398,0.16,845.219970703125
2008-12-05,0.23,1.67,2.67,14608.209,7.3,211.398,0.16,876.070007324219
2008-12-08,0.28,1.76,2.77,14608.209,7.3,211.398,0.16,909.700012207031
2008-12-09,0.25,1.61,2.67,14608.209,7.3,211.398,0.16,888.669982910156
2008-12-10,0.21,1.62,2.69,14608.209,7.3,211.398,0.16,899.239990234375
2008-12-11,0.22,1.55,2.64,14608.209,7.3,211.398,0.16,873.590026855469
2008-12-12,0.21,1.55,2.6,14608.209,7.3,211.398,0.16,879.72998046875
2008-12-15,0.28,1.5,2.53,14608.209,7.3,211.398,0.16,868.570007324219
2008-12-16,0.23,1.34,2.37,14608.209,7.3,211.398,0.16,913.179992675781
2008-12-17,0.19,1.35,2.2,14608.209,7.3,211.398,0.16,904.419982910156
2008-12-18,0.15,1.26,2.08,14608.209,7.3,211.398,0.16,885.280029296875
2008-12-19,0.14,1.35,2.13,14608.209,7.3,211.398,0.16,887.880004882812
2008-12-22,0.27,1.4,2.16,14608.209,7.3,211.398,0.16,871.630004882812
2008-12-23,0.26,1.53,2.18,14608.209,7.3,211.398,0.16,863.159973144531
2008-12-24,0.23,1.54,2.2,14608.209,7.3,211.398,0.16,868.150024414062
2008-12-26,0.23,1.51,2.16,14608.209,7.3,211.398,0.16,872.799987792969
2008-12-29,0.25,1.45,2.13,14608.209,7.3,211.398,0.16,869.419982910156
2008-12-30,0.26,1.47,2.11,14608.209,7.3,211.398,0.16,890.640014648438
2008-12-31,0.27,1.55,2.25,14608.209,7.3,211.398,0.16,903.25
2009-01-02,0.28,1.72,2.46,14430.902,7.8,211.933,0.15,931.799987792969
2009-01-05,0.32,1.67,2.49,14430.902,7.8,211.933,0.15,927.450012207031
2009-01-06,0.31,1.68,2.51,14430.902,7.8,211.933,0.15,934.700012207031
2009-01-07,0.29,1.66,2.52,14430.902,7.8,211.933,0.15,906.650024414062
2009-01-08,0.28,1.6,2.47,14430.902,7.8,211.933,0.15,909.72998046875
2009-01-09,0.28,1.51,2.43,14430.902,7.8,211.933,0.15,890.349975585938
2009-01-12,0.29,1.45,2.34,14430.902,7.8,211.933,0.15,870.260009765625
2009-01-13,0.29,1.44,2.33,14430.902,7.8,211.933,0.15,871.789978027344
2009-01-14,0.28,1.36,2.24,14430.902,7.8,211.933,0.15,842.619995117188
2009-01-15,0.29,1.36,2.23,14430.902,7.8,211.933,0.15,843.739990234375
2009-01-16,0.29,1.47,2.36,14430.902,7.8,211.933,0.15,850.119995117188
2009-01-20,0.3,1.48,2.4,14430.902,7.8,211.933,0.15,805.219970703125
2009-01-21,0.3,1.6,2.56,14430.902,7.8,211.933,0.15,840.239990234375
2009-01-22,0.29,1.61,2.62,14430.902,7.8,211.933,0.15,827.5
2009-01-23,0.3,1.64,2.65,14430.902,7.8,211.933,0.15,831.950012207031
2009-01-26,0.34,1.67,2.7,14430.902,7.8,211.933,0.15,836.570007324219
2009-01-27,0.32,1.59,2.59,14430.902,7.8,211.933,0.15,845.710021972656
2009-01-28,0.33,1.7,2.71,14430.902,7.8,211.933,0.15,874.090026855469
2009-01-29,0.35,1.87,2.87,14430.902,7.8,211.933,0.15,845.140014648438
2009-01-30,0.36,1.85,2.87,14430.902,7.8,211.933,0.15,825.880004882812
2009-02-02,0.39,1.75,2.76,14430.902,8.3,212.705,0.22,825.440002441406
2009-02-03,0.4,1.88,2.89,14430.902,8.3,212.705,0.22,838.510009765625
2009-02-04,0.4,1.91,2.95,14430.902,8.3,212.705,0.22,832.22998046875
2009-02-05,0.43,1.89,2.95,14430.902,8.3,212.705,0.22,845.849975585938
2009-02-06,0.44,1.97,3.05,14430.902,8.3,212.705,0.22,868.599975585938
2009-02-09,0.47,1.99,3.07,14430.902,8.3,212.705,0.22,869.890014648438
2009-02-10,0.44,1.79,2.9,14430.902,8.3,212.705,0.22,827.159973144531
2009-02-11,0.46,1.76,2.78,14430.902,8.3,212.705,0.22,833.739990234375
2009-02-12,0.43,1.73,2.75,14430.902,8.3,212.705,0.22,835.190002441406
2009-02-13,0.46,1.88,2.89,14430.902,8.3,212.705,0.22,826.840026855469
2009-02-17,0.48,1.65,2.64,14430.902,8.3,212.705,0.22,789.169982910156
2009-02-18,0.5,1.81,2.74,14430.902,8.3,212.705,0.22,788.419982910156
2009-02-19,0.51,1.89,2.85,14430.902,8.3,212.705,0.22,778.940002441406
2009-02-20,0.48,1.81,2.78,14430.902,8.3,212.705,0.22,770.049987792969
2009-02-23,0.5,1.84,2.78,14430.902,8.3,212.705,0.22,743.330017089844
2009-02-24,0.49,1.89,2.8,14430.902,8.3,212.705,0.22,773.140014648438
2009-02-25,0.52,2.06,2.95,14430.902,8.3,212.705,0.22,764.900024414062
2009-02-26,0.47,2.07,2.98,14430.902,8.3,212.705,0.22,752.830017089844
2009-02-27,0.45,1.99,3.02,14430.902,8.3,212.705,0.22,735.090026855469
2009-03-02,0.45,1.86,2.91,14430.902,8.7,212.495,0.18,700.820007324219
2009-03-03,0.44,1.87,2.93,14430.902,8.7,212.495,0.18,696.330017089844
2009-03-04,0.44,1.97,3.01,14430.902,8.7,212.495,0.18,712.869995117188
2009-03-05,0.4,1.82,2.83,14430.902,8.7,212.495,0.18,682.549987792969
2009-03-06,0.39,1.83,2.83,14430.902,8.7,212.495,0.18,683.380004882812
2009-03-09,0.47,1.9,2.89,14430.902,8.7,212.495,0.18,676.530029296875
2009-03-10,0.47,1.99,2.99,14430.902,8.7,212.495,0.18,719.599975585938
2009-03-11,0.46,1.96,2.95,14430.902,8.7,212.495,0.18,721.359985351562
2009-03-12,0.45,1.92,2.89,14430.902,8.7,212.495,0.18,750.739990234375
2009-03-13,0.42,1.87,2.89,14430.902,8.7,212.495,0.18,756.549987792969
2009-03-16,0.46,1.91,2.97,14430.902,8.7,212.495,0.18,753.890014648438
2009-03-17,0.45,2,3.02,14430.902,8.7,212.495,0.18,778.119995117188
2009-03-18,0.4,1.54,2.51,14430.902,8.7,212.495,0.18,794.349975585938
2009-03-19,0.4,1.64,2.61,14430.902,8.7,212.495,0.18,784.039978027344
2009-03-20,0.41,1.66,2.65,14430.902,8.7,212.495,0.18,768.539978027344
2009-03-23,0.4,1.69,2.68,14430.902,8.7,212.495,0.18,822.919982910156
2009-03-24,0.42,1.7,2.68,14430.902,8.7,212.495,0.18,806.119995117188
2009-03-25,0.41,1.84,2.81,14430.902,8.7,212.495,0.18,813.880004882812
2009-03-26,0.39,1.8,2.76,14430.902,8.7,212.495,0.18,832.859985351562
2009-03-27,0.39,1.79,2.78,14430.902,8.7,212.495,0.18,815.940002441406
2009-03-30,0.42,1.72,2.73,14430.902,8.7,212.495,0.18,787.530029296875
2009-03-31,0.43,1.67,2.71,14430.902,8.7,212.495,0.18,797.869995117188
2009-04-01,0.41,1.65,2.68,14381.236,9,212.709,0.15,811.080017089844
2009-04-02,0.41,1.74,2.77,14381.236,9,212.709,0.15,834.380004882812
2009-04-03,0.42,1.87,2.91,14381.236,9,212.709,0.15,842.5
2009-04-06,0.4,1.9,2.95,14381.236,9,212.709,0.15,835.47998046875
2009-04-07,0.39,1.87,2.93,14381.236,9,212.709,0.15,815.549987792969
2009-04-08,0.39,1.83,2.86,14381.236,9,212.709,0.15,825.159973144531
2009-04-09,0.39,1.9,2.96,14381.236,9,212.709,0.15,856.559997558594
2009-04-13,0.37,1.81,2.88,14381.236,9,212.709,0.15,858.72998046875
2009-04-14,0.35,1.71,2.8,14381.236,9,212.709,0.15,841.5
2009-04-15,0.34,1.71,2.82,14381.236,9,212.709,0.15,852.059997558594
2009-04-16,0.33,1.79,2.86,14381.236,9,212.709,0.15,865.299987792969
2009-04-17,0.36,1.91,2.98,14381.236,9,212.709,0.15,869.599975585938
2009-04-20,0.34,1.82,2.88,14381.236,9,212.709,0.15,832.390014648438
2009-04-21,0.34,1.87,2.94,14381.236,9,212.709,0.15,850.080017089844
2009-04-22,0.32,1.92,2.98,14381.236,9,212.709,0.15,843.549987792969
2009-04-23,0.31,1.89,2.96,14381.236,9,212.709,0.15,851.919982910156
2009-04-24,0.31,1.96,3.03,14381.236,9,212.709,0.15,866.22998046875
2009-04-27,0.3,1.87,2.95,14381.236,9,212.709,0.15,857.510009765625
2009-04-28,0.31,1.97,3.05,14381.236,9,212.709,0.15,855.159973144531
2009-04-29,0.28,2.01,3.12,14381.236,9,212.709,0.15,873.640014648438
2009-04-30,0.29,2.02,3.16,14381.236,9,212.709,0.15,872.809997558594
2009-05-01,0.31,2.03,3.21,14381.236,9.4,213.022,0.18,877.52001953125
2009-05-04,0.33,2.03,3.19,14381.236,9.4,213.022,0.18,907.239990234375
2009-05-05,0.34,2.05,3.2,14381.236,9.4,213.022,0.18,903.799987792969
2009-05-06,0.32,2.06,3.18,14381.236,9.4,213.022,0.18,919.530029296875
2009-05-07,0.32,2.15,3.29,14381.236,9.4,213.022,0.18,907.390014648438
2009-05-08,0.31,2.15,3.29,14381.236,9.4,213.022,0.18,929.22998046875
2009-05-11,0.3,2.04,3.17,14381.236,9.4,213.022,0.18,909.239990234375
2009-05-12,0.3,2.02,3.17,14381.236,9.4,213.022,0.18,908.349975585938
2009-05-13,0.3,1.98,3.11,14381.236,9.4,213.022,0.18,883.919982910156
2009-05-14,0.28,1.98,3.1,14381.236,9.4,213.022,0.18,893.070007324219
2009-05-15,0.29,2.01,3.14,14381.236,9.4,213.022,0.18,882.880004882812
2009-05-18,0.3,2.09,3.22,14381.236,9.4,213.022,0.18,909.710021972656
2009-05-19,0.29,2.12,3.25,14381.236,9.4,213.022,0.18,908.130004882812
2009-05-20,0.28,2.05,3.19,14381.236,9.4,213.022,0.18,903.469970703125
2009-05-21,0.3,2.16,3.35,14381.236,9.4,213.022,0.18,888.330017089844
2009-05-22,0.3,2.23,3.45,14381.236,9.4,213.022,0.18,887
2009-05-26,0.3,2.3,3.5,14381.236,9.4,213.022,0.18,910.330017089844
2009-05-27,0.29,2.43,3.71,14381.236,9.4,213.022,0.18,893.059997558594
2009-05-28,0.31,2.46,3.67,14381.236,9.4,213.022,0.18,906.830017089844
2009-05-29,0.3,2.34,3.47,14381.236,9.4,213.022,0.18,919.140014648438
2009-06-01,0.29,2.55,3.71,14381.236,9.5,214.79,0.21,942.869995117188
2009-06-02,0.27,2.52,3.65,14381.236,9.5,214.79,0.21,944.739990234375
2009-06-03,0.26,2.43,3.56,14381.236,9.5,214.79,0.21,931.760009765625
2009-06-04,0.28,2.56,3.72,14381.236,9.5,214.79,0.21,942.460021972656
2009-06-05,0.35,2.85,3.84,14381.236,9.5,214.79,0.21,940.090026855469
2009-06-08,0.35,2.95,3.91,14381.236,9.5,214.79,0.21,939.140014648438
2009-06-09,0.31,2.86,3.86,14381.236,9.5,214.79,0.21,942.429992675781
2009-06-10,0.31,2.93,3.98,14381.236,9.5,214.79,0.21,939.150024414062
2009-06-11,0.31,2.87,3.88,14381.236,9.5,214.79,0.21,944.890014648438
2009-06-12,0.29,2.81,3.81,14381.236,9.5,214.79,0.21,946.210021972656
2009-06-15,0.29,2.75,3.76,14381.236,9.5,214.79,0.21,923.719970703125
2009-06-16,0.3,2.7,3.67,14381.236,9.5,214.79,0.21,911.969970703125
2009-06-17,0.31,2.69,3.68,14381.236,9.5,214.79,0.21,910.710021972656
2009-06-18,0.34,2.86,3.86,14381.236,9.5,214.79,0.21,918.369995117188
2009-06-19,0.33,2.82,3.79,14381.236,9.5,214.79,0.21,921.22998046875
2009-06-22,0.34,2.75,3.72,14381.236,9.5,214.79,0.21,893.039978027344
2009-06-23,0.34,2.71,3.65,14381.236,9.5,214.79,0.21,895.099975585938
2009-06-24,0.32,2.74,3.72,14381.236,9.5,214.79,0.21,900.940002441406
2009-06-25,0.31,2.58,3.55,14381.236,9.5,214.79,0.21,920.260009765625
2009-06-26,0.31,2.53,3.52,14381.236,9.5,214.79,0.21,918.900024414062
2009-06-29,0.36,2.53,3.51,14381.236,9.5,214.79,0.21,927.22998046875
2009-06-30,0.35,2.54,3.53,14381.236,9.5,214.79,0.21,919.320007324219
2009-07-01,0.33,2.51,3.55,14448.882,9.5,214.726,0.16,923.330017089844
2009-07-02,0.32,2.43,3.51,14448.882,9.5,214.726,0.16,896.419982910156
2009-07-06,0.28,2.4,3.52,14448.882,9.5,214.726,0.16,898.719970703125
2009-07-07,0.28,2.36,3.47,14448.882,9.5,214.726,0.16,881.030029296875
2009-07-08,0.26,2.23,3.33,14448.882,9.5,214.726,0.16,879.559997558594
2009-07-09,0.27,2.33,3.44,14448.882,9.5,214.726,0.16,882.679992675781
2009-07-10,0.26,2.22,3.32,14448.882,9.5,214.726,0.16,879.130004882812
2009-07-13,0.28,2.27,3.38,14448.882,9.5,214.726,0.16,901.049987792969
2009-07-14,0.28,2.37,3.5,14448.882,9.5,214.726,0.16,905.840026855469
2009-07-15,0.29,2.52,3.63,14448.882,9.5,214.726,0.16,932.679992675781
2009-07-16,0.28,2.46,3.59,14448.882,9.5,214.726,0.16,940.739990234375
2009-07-17,0.29,2.52,3.67,14448.882,9.5,214.726,0.16,940.380004882812
2009-07-20,0.28,2.46,3.61,14448.882,9.5,214.726,0.16,951.130004882812
2009-07-21,0.27,2.36,3.5,14448.882,9.5,214.726,0.16,954.580017089844
2009-07-22,0.28,2.43,3.58,14448.882,9.5,214.726,0.16,954.070007324219
2009-07-23,0.29,2.6,3.72,14448.882,9.5,214.726,0.16,976.289978027344
2009-07-24,0.29,2.57,3.7,14448.882,9.5,214.726,0.16,979.260009765625
2009-07-27,0.27,2.63,3.75,14448.882,9.5,214.726,0.16,982.179992675781
2009-07-28,0.26,2.63,3.72,14448.882,9.5,214.726,0.16,979.619995117188
2009-07-29,0.26,2.69,3.69,14448.882,9.5,214.726,0.16,975.150024414062
2009-07-30,0.27,2.66,3.67,14448.882,9.5,214.726,0.16,986.75
2009-07-31,0.26,2.53,3.52,14448.882,9.5,214.726,0.16,987.47998046875
2009-08-03,0.28,2.66,3.66,14448.882,9.6,215.445,0.16,1002.63000488281
2009-08-04,0.28,2.68,3.7,14448.882,9.6,215.445,0.16,1005.65002441406
2009-08-05,0.29,2.73,3.8,14448.882,9.6,215.445,0.16,1002.71997070312
2009-08-06,0.28,2.73,3.79,14448.882,9.6,215.445,0.16,997.080017089844
2009-08-07,0.3,2.84,3.89,14448.882,9.6,215.445,0.16,1010.47998046875
2009-08-10,0.29,2.75,3.8,14448.882,9.6,215.445,0.16,1007.09997558594
2009-08-11,0.28,2.69,3.71,14448.882,9.6,215.445,0.16,994.349975585938
2009-08-12,0.28,2.7,3.72,14448.882,9.6,215.445,0.16,1005.80999755859
2009-08-13,0.28,2.58,3.59,14448.882,9.6,215.445,0.16,1012.72998046875
2009-08-14,0.26,2.51,3.55,14448.882,9.6,215.445,0.16,1004.09002685547
2009-08-17,0.27,2.43,3.48,14448.882,9.6,215.445,0.16,979.72998046875
2009-08-18,0.27,2.48,3.51,14448.882,9.6,215.445,0.16,989.669982910156
2009-08-19,0.25,2.43,3.45,14448.882,9.6,215.445,0.16,996.460021972656
2009-08-20,0.26,2.43,3.42,14448.882,9.6,215.445,0.16,1007.36999511719
2009-08-21,0.26,2.58,3.56,14448.882,9.6,215.445,0.16,1026.13000488281
2009-08-24,0.26,2.5,3.48,14448.882,9.6,215.445,0.16,1025.56994628906
2009-08-25,0.26,2.48,3.45,14448.882,9.6,215.445,0.16,1028
2009-08-26,0.25,2.46,3.44,14448.882,9.6,215.445,0.16,1028.11999511719
2009-08-27,0.26,2.48,3.47,14448.882,9.6,215.445,0.16,1030.97998046875
2009-08-28,0.25,2.46,3.46,14448.882,9.6,215.445,0.16,1028.93005371094
2009-08-31,0.24,2.39,3.4,14448.882,9.6,215.445,0.16,1020.61999511719
2009-09-01,0.23,2.33,3.38,14448.882,9.8,215.861,0.15,998.039978027344
2009-09-02,0.22,2.26,3.29,14448.882,9.8,215.861,0.15,994.75
2009-09-03,0.23,2.29,3.33,14448.882,9.8,215.861,0.15,1003.23999023438
2009-09-04,0.23,2.36,3.45,14448.882,9.8,215.861,0.15,1016.40002441406
2009-09-08,0.24,2.38,3.47,14448.882,9.8,215.861,0.15,1025.39001464844
2009-09-09,0.22,2.38,3.48,14448.882,9.8,215.861,0.15,1033.36999511719
2009-09-10,0.21,2.29,3.36,14448.882,9.8,215.861,0.15,1044.14001464844
2009-09-11,0.21,2.29,3.34,14448.882,9.8,215.861,0.15,1042.72998046875
2009-09-14,0.21,2.37,3.42,14448.882,9.8,215.861,0.15,1049.33996582031
2009-09-15,0.21,2.41,3.47,14448.882,9.8,215.861,0.15,1052.63000488281
2009-09-16,0.2,2.46,3.48,14448.882,9.8,215.861,0.15,1068.76000976562
2009-09-17,0.2,2.41,3.42,14448.882,9.8,215.861,0.15,1065.48999023438
2009-09-18,0.2,2.49,3.49,14448.882,9.8,215.861,0.15,1068.30004882812
2009-09-21,0.2,2.47,3.49,14448.882,9.8,215.861,0.15,1064.66003417969
2009-09-22,0.2,2.45,3.46,14448.882,9.8,215.861,0.15,1071.66003417969
2009-09-23,0.2,2.4,3.44,14448.882,9.8,215.861,0.15,1060.86999511719
2009-09-24,0.19,2.37,3.4,14448.882,9.8,215.861,0.15,1050.78002929688
2009-09-25,0.2,2.36,3.34,14448.882,9.8,215.861,0.15,1044.38000488281
2009-09-28,0.18,2.33,3.31,14448.882,9.8,215.861,0.15,1062.97998046875
2009-09-29,0.19,2.34,3.31,14448.882,9.8,215.861,0.15,1060.60998535156
2009-09-30,0.18,2.31,3.31,14448.882,9.8,215.861,0.15,1057.07995605469
2009-10-01,0.15,2.2,3.21,14651.249,10,216.509,0.12,1029.84997558594
2009-10-02,0.15,2.22,3.24,14651.249,10,216.509,0.12,1025.2099609375
2009-10-05,0.15,2.21,3.24,14651.249,10,216.509,0.12,1040.4599609375
2009-10-06,0.15,2.25,3.27,14651.249,10,216.509,0.12,1054.71997070312
2009-10-07,0.14,2.16,3.21,14651.249,10,216.509,0.12,1057.57995605469
2009-10-08,0.15,2.22,3.27,14651.249,10,216.509,0.12,1065.47998046875
2009-10-09,0.16,2.36,3.4,14651.249,10,216.509,0.12,1071.48999023438
2009-10-12,0.16,2.36,3.4,14651.249,10,216.509,0.12,1076.18994140625
2009-10-13,0.15,2.28,3.34,14651.249,10,216.509,0.12,1073.18994140625
2009-10-14,0.15,2.36,3.45,14651.249,10,216.509,0.12,1092.02001953125
2009-10-15,0.15,2.41,3.49,14651.249,10,216.509,0.12,1096.56005859375
2009-10-16,0.17,2.37,3.43,14651.249,10,216.509,0.12,1087.68005371094
2009-10-19,0.18,2.36,3.41,14651.249,10,216.509,0.12,1097.91003417969
2009-10-20,0.17,2.3,3.35,14651.249,10,216.509,0.12,1091.06005859375
2009-10-21,0.17,2.38,3.42,14651.249,10,216.509,0.12,1081.40002441406
2009-10-22,0.15,2.39,3.44,14651.249,10,216.509,0.12,1092.91003417969
2009-10-23,0.18,2.46,3.51,14651.249,10,216.509,0.12,1079.59997558594
2009-10-26,0.18,2.53,3.59,14651.249,10,216.509,0.12,1066.94995117188
2009-10-27,0.17,2.41,3.49,14651.249,10,216.509,0.12,1063.41003417969
2009-10-28,0.17,2.37,3.44,14651.249,10,216.509,0.12,1042.63000488281
2009-10-29,0.17,2.44,3.53,14651.249,10,216.509,0.12,1066.10998535156
2009-10-30,0.16,2.31,3.41,14651.249,10,216.509,0.12,1036.18994140625
2009-11-02,0.17,2.33,3.45,14651.249,9.9,217.234,0.12,1042.88000488281
2009-11-03,0.17,2.36,3.5,14651.249,9.9,217.234,0.12,1045.41003417969
2009-11-04,0.16,2.39,3.57,14651.249,9.9,217.234,0.12,1046.5
2009-11-05,0.16,2.35,3.57,14651.249,9.9,217.234,0.12,1066.63000488281
2009-11-06,0.16,2.3,3.54,14651.249,9.9,217.234,0.12,1069.30004882812
2009-11-09,0.17,2.31,3.52,14651.249,9.9,217.234,0.12,1093.07995605469
2009-11-10,0.16,2.31,3.5,14651.249,9.9,217.234,0.12,1093.01000976562
2009-11-11,0.16,2.31,3.5,14651.249,9.9,217.234,0.12,1098.51000976562
2009-11-12,0.16,2.28,3.45,14651.249,9.9,217.234,0.12,1087.23999023438
2009-11-13,0.17,2.28,3.43,14651.249,9.9,217.234,0.12,1093.47998046875
2009-11-16,0.17,2.19,3.33,14651.249,9.9,217.234,0.12,1109.30004882812
2009-11-17,0.16,2.19,3.33,14651.249,9.9,217.234,0.12,1110.31994628906
2009-11-18,0.15,2.21,3.36,14651.249,9.9,217.234,0.12,1109.80004882812
2009-11-19,0.14,2.18,3.35,14651.249,9.9,217.234,0.12,1094.90002441406
2009-11-20,0.13,2.2,3.36,14651.249,9.9,217.234,0.12,1091.38000488281
2009-11-23,0.14,2.2,3.37,14651.249,9.9,217.234,0.12,1106.23999023438
2009-11-24,0.14,2.15,3.32,14651.249,9.9,217.234,0.12,1105.65002441406
2009-11-25,0.14,2.11,3.28,14651.249,9.9,217.234,0.12,1110.63000488281
2009-11-27,0.14,2.03,3.21,14651.249,9.9,217.234,0.12,1091.48999023438
2009-11-30,0.15,2.01,3.21,14651.249,9.9,217.234,0.12,1095.63000488281
2009-12-01,0.15,2.03,3.28,14651.249,9.9,217.347,0.12,1108.85998535156
2009-12-02,0.15,2.09,3.32,14651.249,9.9,217.347,0.12,1109.23999023438
2009-12-03,0.16,2.14,3.39,14651.249,9.9,217.347,0.12,1099.92004394531
2009-12-04,0.17,2.24,3.48,14651.249,9.9,217.347,0.12,1105.97998046875
2009-12-07,0.16,2.19,3.44,14651.249,9.9,217.347,0.12,1103.25
2009-12-08,0.15,2.12,3.4,14651.249,9.9,217.347,0.12,1091.93994140625
2009-12-09,0.14,2.15,3.45,14651.249,9.9,217.347,0.12,1095.94995117188
2009-12-10,0.15,2.19,3.49,14651.249,9.9,217.347,0.12,1102.34997558594
2009-12-11,0.16,2.26,3.55,14651.249,9.9,217.347,0.12,1106.41003417969
2009-12-14,0.16,2.3,3.56,14651.249,9.9,217.347,0.12,1114.10998535156
2009-12-15,0.17,2.35,3.6,14651.249,9.9,217.347,0.12,1107.93005371094
2009-12-16,0.17,2.35,3.61,14651.249,9.9,217.347,0.12,1109.18005371094
2009-12-17,0.15,2.24,3.5,14651.249,9.9,217.347,0.12,1096.07995605469
2009-12-18,0.16,2.3,3.55,14651.249,9.9,217.347,0.12,1102.46997070312
2009-12-21,0.17,2.43,3.69,14651.249,9.9,217.347,0.12,1114.05004882812
2009-12-22,0.18,2.49,3.76,14651.249,9.9,217.347,0.12,1118.02001953125
2009-12-23,0.17,2.51,3.77,14651.249,9.9,217.347,0.12,1120.58996582031
2009-12-24,0.18,2.57,3.82,14651.249,9.9,217.347,0.12,1126.47998046875
2009-12-28,0.2,2.62,3.85,14651.249,9.9,217.347,0.12,1127.78002929688
2009-12-29,0.2,2.62,3.82,14651.249,9.9,217.347,0.12,1126.19995117188
2009-12-30,0.19,2.61,3.8,14651.249,9.9,217.347,0.12,1126.42004394531
2009-12-31,0.2,2.69,3.85,14651.249,9.9,217.347,0.12,1115.09997558594
2010-01-04,0.18,2.65,3.85,14764.61,9.8,217.488,0.11,1132.98999023438
2010-01-05,0.17,2.56,3.77,14764.61,9.8,217.488,0.11,1136.52001953125
2010-01-06,0.15,2.6,3.85,14764.61,9.8,217.488,0.11,1137.14001464844
2010-01-07,0.16,2.62,3.85,14764.61,9.8,217.488,0.11,1141.68994140625
2010-01-08,0.15,2.57,3.83,14764.61,9.8,217.488,0.11,1144.97998046875
2010-01-11,0.13,2.58,3.85,14764.61,9.8,217.488,0.11,1146.97998046875
2010-01-12,0.14,2.49,3.74,14764.61,9.8,217.488,0.11,1136.21997070312
2010-01-13,0.15,2.55,3.8,14764.61,9.8,217.488,0.11,1145.68005371094
2010-01-14,0.14,2.51,3.76,14764.61,9.8,217.488,0.11,1148.4599609375
2010-01-15,0.15,2.44,3.7,14764.61,9.8,217.488,0.11,1136.03002929688
2010-01-19,0.14,2.48,3.73,14764.61,9.8,217.488,0.11,1150.22998046875
2010-01-20,0.14,2.45,3.68,14764.61,9.8,217.488,0.11,1138.0400390625
2010-01-21,0.14,2.38,3.62,14764.61,9.8,217.488,0.11,1116.47998046875
2010-01-22,0.14,2.37,3.62,14764.61,9.8,217.488,0.11,1091.76000976562
2010-01-25,0.14,2.39,3.66,14764.61,9.8,217.488,0.11,1096.78002929688
2010-01-26,0.14,2.38,3.65,14764.61,9.8,217.488,0.11,1092.17004394531
2010-01-27,0.16,2.43,3.66,14764.61,9.8,217.488,0.11,1097.5
2010-01-28,0.15,2.41,3.68,14764.61,9.8,217.488,0.11,1084.53002929688
2010-01-29,0.15,2.34,3.63,14764.61,9.8,217.488,0.11,1073.86999511719
2010-02-01,0.17,2.38,3.68,14764.61,9.8,217.281,0.13,1089.18994140625
2010-02-02,0.17,2.37,3.67,14764.61,9.8,217.281,0.13,1103.31994628906
2010-02-03,0.17,2.4,3.73,14764.61,9.8,217.281,0.13,1097.28002929688
2010-02-04,0.16,2.29,3.62,14764.61,9.8,217.281,0.13,1063.10998535156
2010-02-05,0.17,2.23,3.59,14764.61,9.8,217.281,0.13,1066.18994140625
2010-02-08,0.17,2.26,3.62,14764.61,9.8,217.281,0.13,1056.73999023438
2010-02-09,0.18,2.32,3.67,14764.61,9.8,217.281,0.13,1070.52001953125
2010-02-10,0.19,2.39,3.72,14764.61,9.8,217.281,0.13,1068.13000488281
2010-02-11,0.18,2.39,3.73,14764.61,9.8,217.281,0.13,1078.46997070312
2010-02-12,0.18,2.35,3.69,14764.61,9.8,217.281,0.13,1075.51000976562
2010-02-16,0.18,2.32,3.66,14764.61,9.8,217.281,0.13,1094.86999511719
2010-02-17,0.18,2.4,3.74,14764.61,9.8,217.281,0.13,1099.51000976562
2010-02-18,0.18,2.46,3.79,14764.61,9.8,217.281,0.13,1106.75
2010-02-19,0.2,2.48,3.78,14764.61,9.8,217.281,0.13,1109.17004394531
2010-02-22,0.19,2.47,3.8,14764.61,9.8,217.281,0.13,1108.01000976562
2010-02-23,0.2,2.37,3.69,14764.61,9.8,217.281,0.13,1094.59997558594
2010-02-24,0.19,2.4,3.7,14764.61,9.8,217.281,0.13,1105.23999023438
2010-02-25,0.19,2.33,3.64,14764.61,9.8,217.281,0.13,1102.93994140625
2010-02-26,0.19,2.3,3.61,14764.61,9.8,217.281,0.13,1104.48999023438
2010-03-01,0.19,2.28,3.61,14764.61,9.9,217.353,0.16,1115.7099609375
2010-03-02,0.19,2.27,3.62,14764.61,9.9,217.353,0.16,1118.31005859375
2010-03-03,0.19,2.27,3.63,14764.61,9.9,217.353,0.16,1118.7900390625
2010-03-04,0.19,2.28,3.61,14764.61,9.9,217.353,0.16,1122.96997070312
2010-03-05,0.2,2.35,3.69,14764.61,9.9,217.353,0.16,1138.69995117188
2010-03-08,0.21,2.36,3.72,14764.61,9.9,217.353,0.16,1138.5
2010-03-09,0.21,2.34,3.71,14764.61,9.9,217.353,0.16,1140.44995117188
2010-03-10,0.21,2.39,3.73,14764.61,9.9,217.353,0.16,1145.60998535156
2010-03-11,0.22,2.43,3.73,14764.61,9.9,217.353,0.16,1150.23999023438
2010-03-12,0.24,2.42,3.71,14764.61,9.9,217.353,0.16,1149.98999023438
2010-03-15,0.24,2.42,3.71,14764.61,9.9,217.353,0.16,1150.51000976562
2010-03-16,0.24,2.37,3.66,14764.61,9.9,217.353,0.16,1159.4599609375
2010-03-17,0.23,2.38,3.65,14764.61,9.9,217.353,0.16,1166.2099609375
2010-03-18,0.26,2.44,3.68,14764.61,9.9,217.353,0.16,1165.82995605469
2010-03-19,0.25,2.48,3.7,14764.61,9.9,217.353,0.16,1159.90002441406
2010-03-22,0.24,2.43,3.67,14764.61,9.9,217.353,0.16,1165.81005859375
2010-03-23,0.23,2.44,3.69,14764.61,9.9,217.353,0.16,1174.17004394531
2010-03-24,0.23,2.62,3.84,14764.61,9.9,217.353,0.16,1167.71997070312
2010-03-25,0.25,2.65,3.91,14764.61,9.9,217.353,0.16,1165.72998046875
2010-03-26,0.25,2.59,3.86,14764.61,9.9,217.353,0.16,1166.58996582031
2010-03-29,0.24,2.6,3.88,14764.61,9.9,217.353,0.16,1173.21997070312
2010-03-30,0.24,2.6,3.88,14764.61,9.9,217.353,0.16,1173.27001953125
2010-03-31,0.24,2.55,3.84,14764.61,9.9,217.353,0.16,1169.43005371094
2010-04-01,0.24,2.59,3.89,14980.193,9.9,217.403,0.2,1178.09997558594
2010-04-05,0.27,2.75,4.01,14980.193,9.9,217.403,0.2,1187.43994140625
2010-04-06,0.26,2.71,3.98,14980.193,9.9,217.403,0.2,1189.43994140625
2010-04-07,0.25,2.62,3.89,14980.193,9.9,217.403,0.2,1182.44995117188
2010-04-08,0.24,2.64,3.91,14980.193,9.9,217.403,0.2,1186.43994140625
2010-04-09,0.25,2.65,3.9,14980.193,9.9,217.403,0.2,1194.36999511719
2010-04-12,0.24,2.6,3.87,14980.193,9.9,217.403,0.2,1196.47998046875
2010-04-13,0.24,2.58,3.84,14980.193,9.9,217.403,0.2,1197.30004882812
2010-04-14,0.24,2.61,3.88,14980.193,9.9,217.403,0.2,1210.65002441406
2010-04-15,0.23,2.57,3.86,14980.193,9.9,217.403,0.2,1211.67004394531
2010-04-16,0.24,2.49,3.79,14980.193,9.9,217.403,0.2,1192.13000488281
2010-04-19,0.23,2.54,3.83,14980.193,9.9,217.403,0.2,1197.52001953125
2010-04-20,0.24,2.56,3.82,14980.193,9.9,217.403,0.2,1207.17004394531
2010-04-21,0.23,2.52,3.77,14980.193,9.9,217.403,0.2,1205.93994140625
2010-04-22,0.24,2.57,3.8,14980.193,9.9,217.403,0.2,1208.67004394531
2010-04-23,0.26,2.61,3.84,14980.193,9.9,217.403,0.2,1217.28002929688
2010-04-26,0.25,2.6,3.83,14980.193,9.9,217.403,0.2,1212.05004882812
2010-04-27,0.24,2.46,3.71,14980.193,9.9,217.403,0.2,1183.7099609375
2010-04-28,0.24,2.53,3.8,14980.193,9.9,217.403,0.2,1191.35998535156
2010-04-29,0.23,2.49,3.76,14980.193,9.9,217.403,0.2,1206.78002929688
2010-04-30,0.25,2.43,3.69,14980.193,9.9,217.403,0.2,1186.68994140625
2010-05-03,0.25,2.47,3.72,14980.193,9.6,217.29,0.2,1202.26000976562
2010-05-04,0.24,2.38,3.63,14980.193,9.6,217.29,0.2,1173.59997558594
2010-05-05,0.22,2.31,3.58,14980.193,9.6,217.29,0.2,1165.86999511719
2010-05-06,0.16,2.13,3.41,14980.193,9.6,217.29,0.2,1128.15002441406
2010-05-07,0.21,2.17,3.45,14980.193,9.6,217.29,0.2,1110.88000488281
2010-05-10,0.22,2.27,3.57,14980.193,9.6,217.29,0.2,1159.72998046875
2010-05-11,0.23,2.26,3.56,14980.193,9.6,217.29,0.2,1155.7900390625
2010-05-12,0.22,2.29,3.56,14980.193,9.6,217.29,0.2,1171.67004394531
2010-05-13,0.22,2.27,3.55,14980.193,9.6,217.29,0.2,1157.43994140625
2010-05-14,0.22,2.16,3.44,14980.193,9.6,217.29,0.2,1135.68005371094
2010-05-17,0.23,2.2,3.47,14980.193,9.6,217.29,0.2,1136.93994140625
2010-05-18,0.23,2.11,3.38,14980.193,9.6,217.29,0.2,1120.80004882812
2010-05-19,0.23,2.13,3.36,14980.193,9.6,217.29,0.2,1115.05004882812
2010-05-20,0.22,2.04,3.25,14980.193,9.6,217.29,0.2,1071.58996582031
2010-05-21,0.24,2.02,3.2,14980.193,9.6,217.29,0.2,1087.68994140625
2010-05-24,0.23,2.04,3.23,14980.193,9.6,217.29,0.2,1073.65002441406
2010-05-25,0.22,2.01,3.18,14980.193,9.6,217.29,0.2,1074.03002929688
2010-05-26,0.23,2.06,3.21,14980.193,9.6,217.29,0.2,1067.94995117188
2010-05-27,0.23,2.18,3.34,14980.193,9.6,217.29,0.2,1103.06005859375
2010-05-28,0.22,2.1,3.31,14980.193,9.6,217.29,0.2,1089.41003417969
2010-06-01,0.23,2.09,3.29,14980.193,9.4,217.199,0.18,1070.7099609375
2010-06-02,0.22,2.14,3.35,14980.193,9.4,217.199,0.18,1098.38000488281
2010-06-03,0.22,2.17,3.39,14980.193,9.4,217.199,0.18,1102.82995605469
2010-06-04,0.22,1.98,3.2,14980.193,9.4,217.199,0.18,1064.88000488281
2010-06-07,0.21,1.95,3.17,14980.193,9.4,217.199,0.18,1050.46997070312
2010-06-08,0.19,1.98,3.18,14980.193,9.4,217.199,0.18,1062
2010-06-09,0.17,1.99,3.2,14980.193,9.4,217.199,0.18,1055.68994140625
2010-06-10,0.18,2.12,3.33,14980.193,9.4,217.199,0.18,1086.83996582031
2010-06-11,0.16,2.03,3.24,14980.193,9.4,217.199,0.18,1091.59997558594
2010-06-14,0.15,2.07,3.28,14980.193,9.4,217.199,0.18,1089.63000488281
2010-06-15,0.16,2.1,3.32,14980.193,9.4,217.199,0.18,1115.22998046875
2010-06-16,0.17,2.06,3.27,14980.193,9.4,217.199,0.18,1114.60998535156
2010-06-17,0.16,2.01,3.21,14980.193,9.4,217.199,0.18,1116.0400390625
2010-06-18,0.17,2.04,3.24,14980.193,9.4,217.199,0.18,1117.51000976562
2010-06-21,0.17,2.05,3.26,14980.193,9.4,217.199,0.18,1113.19995117188
2010-06-22,0.18,1.98,3.18,14980.193,9.4,217.199,0.18,1095.31005859375
2010-06-23,0.19,1.93,3.13,14980.193,9.4,217.199,0.18,1092.0400390625
2010-06-24,0.19,1.93,3.14,14980.193,9.4,217.199,0.18,1073.68994140625
2010-06-25,0.2,1.9,3.12,14980.193,9.4,217.199,0.18,1076.76000976562
2010-06-28,0.22,1.83,3.05,14980.193,9.4,217.199,0.18,1074.56994628906
2010-06-29,0.22,1.78,2.97,14980.193,9.4,217.199,0.18,1041.23999023438
2010-06-30,0.22,1.79,2.97,14980.193,9.4,217.199,0.18,1030.7099609375
2010-07-01,0.22,1.8,2.96,15141.607,9.4,217.605,0.18,1027.36999511719
2010-07-02,0.22,1.82,3,15141.607,9.4,217.605,0.18,1022.58001708984
2010-07-06,0.21,1.76,2.95,15141.607,9.4,217.605,0.18,1028.06005859375
2010-07-07,0.2,1.79,3,15141.607,9.4,217.605,0.18,1060.27001953125
2010-07-08,0.19,1.8,3.04,15141.607,9.4,217.605,0.18,1070.25
2010-07-09,0.2,1.85,3.07,15141.607,9.4,217.605,0.18,1077.9599609375
2010-07-12,0.2,1.85,3.08,15141.607,9.4,217.605,0.18,1078.75
2010-07-13,0.2,1.9,3.15,15141.607,9.4,217.605,0.18,1095.33996582031
2010-07-14,0.19,1.82,3.07,15141.607,9.4,217.605,0.18,1095.17004394531
2010-07-15,0.2,1.76,3,15141.607,9.4,217.605,0.18,1096.47998046875
2010-07-16,0.19,1.7,2.96,15141.607,9.4,217.605,0.18,1064.88000488281
2010-07-19,0.2,1.73,2.99,15141.607,9.4,217.605,0.18,1071.25
2010-07-20,0.19,1.71,2.98,15141.607,9.4,217.605,0.18,1083.47998046875
2010-07-21,0.19,1.66,2.9,15141.607,9.4,217.605,0.18,1069.58996582031
2010-07-22,0.2,1.69,2.96,15141.607,9.4,217.605,0.18,1093.67004394531
2010-07-23,0.2,1.75,3.02,15141.607,9.4,217.605,0.18,1102.66003417969
2010-07-26,0.2,1.76,3.03,15141.607,9.4,217.605,0.18,1115.01000976562
2010-07-27,0.21,1.82,3.08,15141.607,9.4,217.605,0.18,1113.83996582031
2010-07-28,0.2,1.75,3.03,15141.607,9.4,217.605,0.18,1106.13000488281
2010-07-29,0.2,1.7,3.03,15141.607,9.4,217.605,0.18,1101.53002929688
2010-07-30,0.2,1.6,2.94,15141.607,9.4,217.605,0.18,1101.59997558594
2010-08-02,0.2,1.64,2.99,15141.607,9.5,217.923,0.19,1125.85998535156
2010-08-03,0.2,1.55,2.94,15141.607,9.5,217.923,0.19,1120.4599609375
2010-08-04,0.2,1.62,2.98,15141.607,9.5,217.923,0.19,1127.23999023438
2010-08-05,0.19,1.57,2.94,15141.607,9.5,217.923,0.19,1125.81005859375
2010-08-06,0.19,1.51,2.86,15141.607,9.5,217.923,0.19,1121.64001464844
2010-08-09,0.19,1.54,2.86,15141.607,9.5,217.923,0.19,1127.7900390625
2010-08-10,0.19,1.46,2.79,15141.607,9.5,217.923,0.19,1121.06005859375
2010-08-11,0.19,1.44,2.72,15141.607,9.5,217.923,0.19,1089.46997070312
2010-08-12,0.18,1.48,2.74,15141.607,9.5,217.923,0.19,1083.60998535156
2010-08-13,0.19,1.47,2.68,15141.607,9.5,217.923,0.19,1079.25
2010-08-16,0.19,1.4,2.58,15141.607,9.5,217.923,0.19,1079.38000488281
2010-08-17,0.19,1.44,2.64,15141.607,9.5,217.923,0.19,1092.5400390625
2010-08-18,0.19,1.46,2.64,15141.607,9.5,217.923,0.19,1094.16003417969
2010-08-19,0.19,1.41,2.58,15141.607,9.5,217.923,0.19,1075.63000488281
2010-08-20,0.19,1.47,2.62,15141.607,9.5,217.923,0.19,1071.68994140625
2010-08-23,0.19,1.43,2.6,15141.607,9.5,217.923,0.19,1067.35998535156
2010-08-24,0.2,1.36,2.5,15141.607,9.5,217.923,0.19,1051.86999511719
2010-08-25,0.19,1.4,2.54,15141.607,9.5,217.923,0.19,1055.32995605469
2010-08-26,0.19,1.38,2.5,15141.607,9.5,217.923,0.19,1047.21997070312
2010-08-27,0.19,1.49,2.66,15141.607,9.5,217.923,0.19,1064.58996582031
2010-08-30,0.19,1.39,2.54,15141.607,9.5,217.923,0.19,1048.92004394531
2010-08-31,0.19,1.33,2.47,15141.607,9.5,217.923,0.19,1049.32995605469
2010-09-01,0.19,1.41,2.58,15141.607,9.5,218.275,0.19,1080.2900390625
2010-09-02,0.18,1.43,2.63,15141.607,9.5,218.275,0.19,1090.09997558594
2010-09-03,0.19,1.49,2.72,15141.607,9.5,218.275,0.19,1104.51000976562
2010-09-07,0.18,1.41,2.61,15141.607,9.5,218.275,0.19,1091.83996582031
2010-09-08,0.19,1.46,2.66,15141.607,9.5,218.275,0.19,1098.86999511719
2010-09-09,0.19,1.57,2.77,15141.607,9.5,218.275,0.19,1104.18005371094
2010-09-10,0.19,1.59,2.81,15141.607,9.5,218.275,0.19,1109.55004882812
2010-09-13,0.19,1.51,2.74,15141.607,9.5,218.275,0.19,1121.90002441406
2010-09-14,0.2,1.43,2.68,15141.607,9.5,218.275,0.19,1121.09997558594
2010-09-15,0.2,1.46,2.74,15141.607,9.5,218.275,0.19,1125.06994628906
2010-09-16,0.2,1.48,2.77,15141.607,9.5,218.275,0.19,1124.66003417969
2010-09-17,0.2,1.46,2.75,15141.607,9.5,218.275,0.19,1125.58996582031
2010-09-20,0.2,1.43,2.72,15141.607,9.5,218.275,0.19,1142.7099609375
2010-09-21,0.2,1.34,2.61,15141.607,9.5,218.275,0.19,1139.78002929688
2010-09-22,0.19,1.33,2.56,15141.607,9.5,218.275,0.19,1134.28002929688
2010-09-23,0.2,1.34,2.56,15141.607,9.5,218.275,0.19,1124.82995605469
2010-09-24,0.19,1.37,2.62,15141.607,9.5,218.275,0.19,1148.67004394531
2010-09-27,0.19,1.31,2.54,15141.607,9.5,218.275,0.19,1142.16003417969
2010-09-28,0.2,1.25,2.48,15141.607,9.5,218.275,0.19,1147.69995117188
2010-09-29,0.2,1.28,2.52,15141.607,9.5,218.275,0.19,1144.72998046875
2010-09-30,0.19,1.27,2.53,15141.607,9.5,218.275,0.19,1141.19995117188
2010-10-01,0.19,1.26,2.54,15309.474,9.4,219.035,0.19,1146.23999023438
2010-10-04,0.19,1.23,2.5,15309.474,9.4,219.035,0.19,1137.03002929688
2010-10-05,0.18,1.21,2.5,15309.474,9.4,219.035,0.19,1160.75
2010-10-06,0.17,1.16,2.41,15309.474,9.4,219.035,0.19,1159.96997070312
2010-10-07,0.17,1.14,2.41,15309.474,9.4,219.035,0.19,1158.06005859375
2010-10-08,0.16,1.11,2.41,15309.474,9.4,219.035,0.19,1165.15002441406
2010-10-11,0.16,1.11,2.41,15309.474,9.4,219.035,0.19,1165.31994628906
2010-10-12,0.17,1.14,2.44,15309.474,9.4,219.035,0.19,1169.77001953125
2010-10-13,0.18,1.13,2.46,15309.474,9.4,219.035,0.19,1178.09997558594
2010-10-14,0.17,1.18,2.52,15309.474,9.4,219.035,0.19,1173.81005859375
2010-10-15,0.17,1.2,2.59,15309.474,9.4,219.035,0.19,1176.18994140625
2010-10-18,0.18,1.14,2.52,15309.474,9.4,219.035,0.19,1184.7099609375
2010-10-19,0.18,1.11,2.5,15309.474,9.4,219.035,0.19,1165.90002441406
2010-10-20,0.17,1.11,2.51,15309.474,9.4,219.035,0.19,1178.17004394531
2010-10-21,0.18,1.15,2.57,15309.474,9.4,219.035,0.19,1180.26000976562
2010-10-22,0.18,1.17,2.59,15309.474,9.4,219.035,0.19,1183.07995605469
2010-10-25,0.18,1.2,2.59,15309.474,9.4,219.035,0.19,1185.61999511719
2010-10-26,0.18,1.27,2.67,15309.474,9.4,219.035,0.19,1185.64001464844
2010-10-27,0.18,1.34,2.75,15309.474,9.4,219.035,0.19,1182.44995117188
2010-10-28,0.18,1.23,2.69,15309.474,9.4,219.035,0.19,1183.78002929688
2010-10-29,0.17,1.17,2.63,15309.474,9.4,219.035,0.19,1183.26000976562
2010-11-01,0.16,1.17,2.66,15309.474,9.8,219.59,0.19,1184.38000488281
2010-11-02,0.16,1.15,2.63,15309.474,9.8,219.59,0.19,1193.56994628906
2010-11-03,0.16,1.11,2.67,15309.474,9.8,219.59,0.19,1197.9599609375
2010-11-04,0.17,1.04,2.53,15309.474,9.8,219.59,0.19,1221.06005859375
2010-11-05,0.16,1.1,2.58,15309.474,9.8,219.59,0.19,1225.84997558594
2010-11-08,0.16,1.13,2.6,15309.474,9.8,219.59,0.19,1223.25
2010-11-09,0.16,1.27,2.72,15309.474,9.8,219.59,0.19,1213.40002441406
2010-11-10,0.16,1.23,2.65,15309.474,9.8,219.59,0.19,1218.7099609375
2010-11-11,0.16,1.23,2.65,15309.474,9.8,219.59,0.19,1213.5400390625
2010-11-12,0.17,1.35,2.76,15309.474,9.8,219.59,0.19,1199.2099609375
2010-11-15,0.19,1.51,2.92,15309.474,9.8,219.59,0.19,1197.75
2010-11-16,0.19,1.49,2.85,15309.474,9.8,219.59,0.19,1178.33996582031
2010-11-17,0.19,1.49,2.89,15309.474,9.8,219.59,0.19,1178.58996582031
2010-11-18,0.19,1.51,2.9,15309.474,9.8,219.59,0.19,1196.68994140625
2010-11-19,0.19,1.54,2.88,15309.474,9.8,219.59,0.19,1199.72998046875
2010-11-22,0.2,1.44,2.8,15309.474,9.8,219.59,0.19,1197.83996582031
2010-11-23,0.2,1.4,2.77,15309.474,9.8,219.59,0.19,1180.72998046875
2010-11-24,0.2,1.56,2.93,15309.474,9.8,219.59,0.19,1198.34997558594
2010-11-26,0.21,1.53,2.87,15309.474,9.8,219.59,0.19,1189.40002441406
2010-11-29,0.21,1.51,2.84,15309.474,9.8,219.59,0.19,1187.76000976562
2010-11-30,0.21,1.47,2.81,15309.474,9.8,219.59,0.19,1180.55004882812
2010-12-01,0.2,1.64,2.97,15309.474,9.3,220.472,0.18,1206.06994628906
2010-12-02,0.19,1.68,3.01,15309.474,9.3,220.472,0.18,1221.53002929688
2010-12-03,0.19,1.64,3.03,15309.474,9.3,220.472,0.18,1224.7099609375
2010-12-06,0.19,1.53,2.95,15309.474,9.3,220.472,0.18,1223.11999511719
2010-12-07,0.19,1.74,3.15,15309.474,9.3,220.472,0.18,1223.75
2010-12-08,0.18,1.87,3.26,15309.474,9.3,220.472,0.18,1228.28002929688
2010-12-09,0.18,1.9,3.23,15309.474,9.3,220.472,0.18,1233
2010-12-10,0.18,1.98,3.32,15309.474,9.3,220.472,0.18,1240.40002441406
2010-12-13,0.19,1.91,3.29,15309.474,9.3,220.472,0.18,1240.4599609375
2010-12-14,0.2,2.08,3.49,15309.474,9.3,220.472,0.18,1241.58996582031
2010-12-15,0.2,2.11,3.53,15309.474,9.3,220.472,0.18,1235.22998046875
2010-12-16,0.19,2.06,3.47,15309.474,9.3,220.472,0.18,1242.86999511719
2010-12-17,0.18,1.97,3.33,15309.474,9.3,220.472,0.18,1243.91003417969
2010-12-20,0.19,1.99,3.36,15309.474,9.3,220.472,0.18,1247.07995605469
2010-12-21,0.19,1.99,3.35,15309.474,9.3,220.472,0.18,1254.59997558594
2010-12-22,0.2,2.02,3.36,15309.474,9.3,220.472,0.18,1258.83996582031
2010-12-23,0.19,2.09,3.41,15309.474,9.3,220.472,0.18,1256.77001953125
2010-12-27,0.22,2.08,3.36,15309.474,9.3,220.472,0.18,1257.5400390625
2010-12-28,0.21,2.18,3.5,15309.474,9.3,220.472,0.18,1258.51000976562
2010-12-29,0.2,2.03,3.35,15309.474,9.3,220.472,0.18,1259.78002929688
2010-12-30,0.2,2.06,3.38,15309.474,9.3,220.472,0.18,1257.88000488281
